Name,Country,Brand,Categories,Type,Tasting Notes,ABV,IBU,Calories Per Serving (12 OZ/0.35L),Carbs Per Serving (12 OZ/0.35L),Food Pairing,Suggested Serving Temperature,Rating,Rate Count,Price,Volume,Description
Beer E,Country C,Brand A,Category B,Type C,Note B,9.0,93,222,19.0,Food Pairing A,Room temperature,1.4,64,6.11,12 OZ/0.35L,Beer description
Beer D,Country A,Brand A,Category A,Type B,Note B,12.0,4,120,27.0,Food Pairing A,Room temperature,3.2,332,17.21,12 OZ/0.35L,Beer description
Beer C,Country A,Brand A,Category C,Type C,Note C,3.0,0,175,9.0,Food Pairing A,Room temperature,3.9,373,5.22,12 OZ/0.35L,Beer description
Beer D,Country B,Brand A,Category B,Type A,Note C,11.0,66,271,9.0,Food Pairing A,Cold,2.1,280,17.51,12 OZ/0.35L,Beer description
Beer B,Country C,Brand A,Category C,Type C,Note A,10.0,23,171,8.0,Food Pairing A,Cold,2.8,451,16.05,12 OZ/0.35L,Beer description
Beer C,Country A,Brand A,Category C,Type B,Note C,6.0,24,148,12.0,Food Pairing B,Cold,4.3,318,6.95,12 OZ/0.35L,Beer description
Beer C,Country B,Brand A,Category B,Type B,Note C,3.0,20,139,4.0,Food Pairing A,Cold,1.1,155,19.84,12 OZ/0.35L,Beer description
Beer C,Country B,Brand B,Category B,Type C,Note B,8.0,31,107,19.0,Food Pairing A,Room temperature,2.2,392,18.01,12 OZ/0.35L,Beer description
Beer A,Country A,Brand C,Category B,Type A,Note B,5.0,27,155,18.0,Food Pairing C,Chilled,1.5,417,9.32,12 OZ/0.35L,Beer description
Beer D,Country C,Brand C,Category B,Type A,Note C,9.0,42,297,4.0,Food Pairing A,Chilled,4.1,13,5.46,12 OZ/0.35L,Beer description
Beer C,Country A,Brand B,Category B,Type B,Note A,11.0,44,141,17.0,Food Pairing B,Cold,2.1,491,3.58,12 OZ/0.35L,Beer description
Beer B,Country B,Brand A,Category C,Type A,Note A,4.0,82,118,3.0,Food Pairing C,Room temperature,3.7,493,11.72,12 OZ/0.35L,Beer description
Beer A,Country B,Brand B,Category A,Type C,Note B,10.0,89,202,7.0,Food Pairing A,Cold,2.3,462,16.35,12 OZ/0.35L,Beer description
Beer C,Country A,Brand B,Category C,Type B,Note A,8.0,27,140,17.0,Food Pairing C,Chilled,4.2,321,14.74,12 OZ/0.35L,Beer description
Beer B,Country A,Brand C,Category C,Type B,Note C,11.0,79,183,10.0,Food Pairing B,Chilled,1.7,230,12.84,12 OZ/0.35L,Beer description
Beer E,Country B,Brand A,Category C,Type B,Note C,5.0,66,103,11.0,Food Pairing A,Room temperature,4.9,57,14.13,12 OZ/0.35L,Beer description
Beer C,Country C,Brand A,Category A,Type A,Note A,5.0,42,116,24.0,Food Pairing A,Cold,3.7,127,16.58,12 OZ/0.35L,Beer description
Beer C,Country B,Brand A,Category B,Type A,Note C,11.0,28,114,7.0,Food Pairing A,Cold,4.4,27,1.44,12 OZ/0.35L,Beer description
Beer C,Country B,Brand A,Category B,Type A,Note A,4.0,56,209,23.0,Food Pairing B,Chilled,1.3,16,3.64,12 OZ/0.35L,Beer description
Beer E,Country B,Brand A,Category C,Type A,Note A,11.0,78,258,10.0,Food Pairing A,Room temperature,2.1,105,19.08,12 OZ/0.35L,Beer description
Beer E,Country B,Brand A,Category B,Type C,Note C,9.0,76,273,9.0,Food Pairing C,Cold,1.0,362,4.11,12 OZ/0.35L,Beer description
Beer B,Country A,Brand A,Category A,Type A,Note C,12.0,84,199,18.0,Food Pairing B,Cold,1.5,474,1.21,12 OZ/0.35L,Beer description
Beer B,Country A,Brand C,Category A,Type A,Note A,10.0,47,264,8.0,Food Pairing B,Room temperature,1.2,268,11.25,12 OZ/0.35L,Beer description
Beer E,Country B,Brand B,Category A,Type A,Note B,11.0,89,188,15.0,Food Pairing B,Cold,2.5,411,5.21,12 OZ/0.35L,Beer description
Beer A,Country A,Brand B,Category C,Type A,Note A,11.0,20,159,15.0,Food Pairing C,Room temperature,3.4,226,1.13,12 OZ/0.35L,Beer description
Beer B,Country B,Brand A,Category B,Type C,Note A,6.0,51,287,3.0,Food Pairing A,Cold,4.9,43,9.65,12 OZ/0.35L,Beer description
Beer A,Country A,Brand B,Category A,Type C,Note C,5.0,4,220,7.0,Food Pairing B,Room temperature,1.5,72,3.86,12 OZ/0.35L,Beer description
Beer A,Country B,Brand A,Category A,Type C,Note A,10.0,39,293,3.0,Food Pairing B,Chilled,5.0,253,19.02,12 OZ/0.35L,Beer description
Beer B,Country B,Brand C,Category A,Type A,Note C,11.0,31,167,24.0,Food Pairing B,Room temperature,4.0,338,7.13,12 OZ/0.35L,Beer description
Beer E,Country B,Brand C,Category B,Type A,Note A,7.0,9,149,24.0,Food Pairing B,Chilled,3.9,306,3.56,12 OZ/0.35L,Beer description
Beer E,Country B,Brand B,Category B,Type A,Note C,12.0,37,107,26.0,Food Pairing B,Chilled,1.3,451,6.15,12 OZ/0.35L,Beer description
Beer B,Country C,Brand A,Category A,Type C,Note B,8.0,38,109,7.0,Food Pairing A,Cold,3.8,61,2.59,12 OZ/0.35L,Beer description
Beer D,Country C,Brand A,Category B,Type C,Note A,8.0,10,212,3.0,Food Pairing A,Chilled,2.3,361,6.56,12 OZ/0.35L,Beer description
Beer C,Country B,Brand C,Category C,Type B,Note B,10.0,72,235,28.0,Food Pairing A,Chilled,3.0,460,8.33,12 OZ/0.35L,Beer description
Beer D,Country C,Brand C,Category A,Type C,Note C,9.0,23,268,26.0,Food Pairing A,Chilled,4.0,158,6.2,12 OZ/0.35L,Beer description
Beer A,Country C,Brand A,Category C,Type C,Note C,9.0,31,134,5.0,Food Pairing B,Room temperature,1.3,45,2.8,12 OZ/0.35L,Beer description
Beer C,Country B,Brand A,Category A,Type A,Note B,10.0,94,185,8.0,Food Pairing C,Chilled,2.2,71,18.5,12 OZ/0.35L,Beer description
Beer E,Country C,Brand A,Category C,Type C,Note A,9.0,68,213,7.0,Food Pairing C,Chilled,1.7,381,15.84,12 OZ/0.35L,Beer description
Beer D,Country B,Brand B,Category A,Type A,Note C,8.0,55,240,18.0,Food Pairing A,Room temperature,2.8,363,9.66,12 OZ/0.35L,Beer description
Beer A,Country C,Brand B,Category C,Type B,Note B,3.0,56,245,11.0,Food Pairing C,Room temperature,4.4,428,10.8,12 OZ/0.35L,Beer description
Beer A,Country B,Brand B,Category C,Type B,Note C,4.0,25,289,18.0,Food Pairing B,Cold,2.7,175,19.75,12 OZ/0.35L,Beer description
Beer D,Country A,Brand A,Category B,Type C,Note B,7.0,49,240,10.0,Food Pairing B,Room temperature,4.1,125,2.38,12 OZ/0.35L,Beer description
Beer D,Country A,Brand C,Category B,Type A,Note B,10.0,58,224,5.0,Food Pairing A,Cold,4.6,466,15.64,12 OZ/0.35L,Beer description
Beer D,Country B,Brand B,Category C,Type C,Note B,5.0,85,126,12.0,Food Pairing B,Chilled,4.1,412,14.62,12 OZ/0.35L,Beer description
Beer A,Country C,Brand B,Category A,Type A,Note A,6.0,33,196,14.0,Food Pairing B,Chilled,3.0,63,3.81,12 OZ/0.35L,Beer description
Beer A,Country A,Brand C,Category A,Type B,Note B,9.0,64,140,17.0,Food Pairing A,Room temperature,2.8,350,16.63,12 OZ/0.35L,Beer description
Beer B,Country B,Brand C,Category C,Type A,Note C,9.0,46,216,23.0,Food Pairing B,Cold,4.1,418,18.03,12 OZ/0.35L,Beer description
Beer B,Country A,Brand A,Category A,Type B,Note B,5.0,24,252,3.0,Food Pairing C,Chilled,2.0,55,14.44,12 OZ/0.35L,Beer description
Beer A,Country A,Brand C,Category C,Type A,Note A,7.0,46,128,21.0,Food Pairing C,Chilled,2.0,108,17.21,12 OZ/0.35L,Beer description
Beer B,Country C,Brand A,Category A,Type C,Note C,5.0,57,151,7.0,Food Pairing B,Cold,4.0,102,12.13,12 OZ/0.35L,Beer description
Beer B,Country A,Brand B,Category B,Type A,Note A,8.0,58,136,11.0,Food Pairing C,Room temperature,1.5,213,6.93,12 OZ/0.35L,Beer description
Beer E,Country B,Brand B,Category B,Type A,Note A,5.0,31,119,7.0,Food Pairing C,Cold,1.1,343,9.3,12 OZ/0.35L,Beer description
Beer A,Country A,Brand B,Category B,Type C,Note B,8.0,82,268,1.0,Food Pairing B,Chilled,4.5,129,2.99,12 OZ/0.35L,Beer description
Beer A,Country A,Brand C,Category C,Type C,Note B,12.0,48,276,7.0,Food Pairing C,Chilled,3.5,70,18.38,12 OZ/0.35L,Beer description
Beer D,Country A,Brand B,Category B,Type C,Note B,10.0,89,128,24.0,Food Pairing B,Room temperature,4.4,225,16.37,12 OZ/0.35L,Beer description
Beer D,Country C,Brand A,Category A,Type A,Note A,12.0,33,167,12.0,Food Pairing B,Chilled,4.9,33,10.09,12 OZ/0.35L,Beer description
Beer C,Country B,Brand C,Category B,Type B,Note C,11.0,24,215,12.0,Food Pairing A,Cold,1.3,494,19.55,12 OZ/0.35L,Beer description
Beer A,Country A,Brand B,Category B,Type A,Note C,10.0,52,101,17.0,Food Pairing A,Cold,4.3,479,8.21,12 OZ/0.35L,Beer description
Beer C,Country A,Brand A,Category C,Type B,Note A,7.0,21,299,28.0,Food Pairing A,Room temperature,3.7,179,10.14,12 OZ/0.35L,Beer description
Beer B,Country C,Brand A,Category C,Type A,Note B,6.0,29,104,18.0,Food Pairing B,Cold,4.3,482,19.84,12 OZ/0.35L,Beer description
Beer D,Country A,Brand B,Category A,Type A,Note A,5.0,70,133,3.0,Food Pairing C,Room temperature,3.0,119,6.78,12 OZ/0.35L,Beer description
Beer A,Country C,Brand B,Category B,Type A,Note B,4.0,90,146,3.0,Food Pairing B,Chilled,1.9,56,12.02,12 OZ/0.35L,Beer description
Beer B,Country A,Brand A,Category A,Type A,Note A,8.0,65,298,13.0,Food Pairing C,Chilled,1.6,295,3.47,12 OZ/0.35L,Beer description
Beer D,Country A,Brand B,Category C,Type C,Note B,10.0,33,138,7.0,Food Pairing A,Cold,1.3,187,13.42,12 OZ/0.35L,Beer description
Beer A,Country C,Brand A,Category A,Type A,Note A,9.0,96,281,14.0,Food Pairing A,Room temperature,4.6,294,2.1,12 OZ/0.35L,Beer description
Beer A,Country B,Brand C,Category C,Type B,Note C,6.0,36,199,0.0,Food Pairing B,Room temperature,2.2,349,1.5,12 OZ/0.35L,Beer description
Beer B,Country A,Brand B,Category C,Type C,Note C,7.0,44,162,27.0,Food Pairing C,Room temperature,4.0,478,3.84,12 OZ/0.35L,Beer description
Beer C,Country B,Brand A,Category C,Type C,Note B,8.0,24,299,13.0,Food Pairing C,Chilled,4.1,77,5.19,12 OZ/0.35L,Beer description
Beer A,Country A,Brand C,Category C,Type C,Note A,8.0,48,206,4.0,Food Pairing B,Room temperature,3.1,116,9.17,12 OZ/0.35L,Beer description
Beer E,Country C,Brand A,Category C,Type C,Note A,6.0,54,149,8.0,Food Pairing B,Chilled,3.3,258,15.19,12 OZ/0.35L,Beer description
Beer A,Country C,Brand B,Category B,Type C,Note B,12.0,93,186,16.0,Food Pairing C,Chilled,2.9,295,19.77,12 OZ/0.35L,Beer description
Beer D,Country A,Brand A,Category B,Type C,Note C,6.0,51,217,27.0,Food Pairing C,Chilled,2.9,245,19.36,12 OZ/0.35L,Beer description
Beer E,Country A,Brand C,Category A,Type A,Note A,11.0,25,276,23.0,Food Pairing A,Cold,1.5,406,8.92,12 OZ/0.35L,Beer description
Beer B,Country C,Brand C,Category B,Type C,Note B,11.0,9,292,7.0,Food Pairing A,Chilled,3.0,129,19.69,12 OZ/0.35L,Beer description
Beer C,Country A,Brand A,Category A,Type A,Note A,5.0,27,268,1.0,Food Pairing A,Room temperature,3.8,133,6.32,12 OZ/0.35L,Beer description
Beer A,Country C,Brand A,Category C,Type C,Note A,7.0,4,259,9.0,Food Pairing B,Chilled,4.8,128,9.08,12 OZ/0.35L,Beer description
Beer E,Country A,Brand A,Category B,Type A,Note A,12.0,47,172,29.0,Food Pairing A,Room temperature,4.2,86,13.3,12 OZ/0.35L,Beer description
Beer B,Country C,Brand B,Category A,Type A,Note B,3.0,33,277,29.0,Food Pairing A,Chilled,4.2,381,3.44,12 OZ/0.35L,Beer description
Beer A,Country A,Brand B,Category A,Type A,Note C,8.0,11,110,7.0,Food Pairing A,Cold,2.2,480,8.21,12 OZ/0.35L,Beer description
Beer E,Country B,Brand B,Category A,Type A,Note B,7.0,70,144,9.0,Food Pairing B,Cold,4.4,276,12.19,12 OZ/0.35L,Beer description
Beer B,Country C,Brand A,Category C,Type B,Note B,3.0,76,107,18.0,Food Pairing B,Room temperature,2.0,184,13.8,12 OZ/0.35L,Beer description
Beer C,Country C,Brand C,Category C,Type C,Note C,7.0,93,208,7.0,Food Pairing C,Chilled,4.1,345,14.0,12 OZ/0.35L,Beer description
Beer E,Country C,Brand C,Category C,Type B,Note A,10.0,28,296,24.0,Food Pairing A,Room temperature,5.0,230,7.31,12 OZ/0.35L,Beer description
Beer C,Country C,Brand C,Category B,Type A,Note A,10.0,99,161,21.0,Food Pairing B,Cold,4.1,60,4.57,12 OZ/0.35L,Beer description
Beer D,Country C,Brand A,Category A,Type A,Note A,10.0,75,202,19.0,Food Pairing A,Room temperature,4.2,427,10.23,12 OZ/0.35L,Beer description
Beer D,Country B,Brand B,Category C,Type C,Note B,8.0,5,156,5.0,Food Pairing B,Room temperature,4.8,329,6.25,12 OZ/0.35L,Beer description
Beer C,Country B,Brand B,Category A,Type B,Note C,11.0,51,198,2.0,Food Pairing A,Room temperature,1.4,424,4.31,12 OZ/0.35L,Beer description
Beer A,Country A,Brand A,Category B,Type A,Note A,4.0,17,272,1.0,Food Pairing C,Room temperature,1.5,299,9.31,12 OZ/0.35L,Beer description
Beer A,Country A,Brand C,Category B,Type B,Note B,4.0,36,100,28.0,Food Pairing C,Cold,4.2,391,4.95,12 OZ/0.35L,Beer description
Beer E,Country C,Brand B,Category A,Type A,Note A,11.0,25,145,10.0,Food Pairing C,Chilled,3.0,494,7.38,12 OZ/0.35L,Beer description
Beer B,Country B,Brand C,Category B,Type B,Note A,9.0,87,260,30.0,Food Pairing C,Room temperature,1.9,165,4.07,12 OZ/0.35L,Beer description
Beer E,Country C,Brand B,Category A,Type A,Note A,5.0,35,223,18.0,Food Pairing C,Cold,3.5,358,4.56,12 OZ/0.35L,Beer description
Beer E,Country A,Brand C,Category A,Type C,Note B,6.0,37,266,9.0,Food Pairing C,Cold,2.0,134,15.5,12 OZ/0.35L,Beer description
Beer E,Country A,Brand A,Category B,Type B,Note B,10.0,89,265,29.0,Food Pairing A,Room temperature,1.2,301,5.66,12 OZ/0.35L,Beer description
Beer A,Country B,Brand A,Category A,Type B,Note C,12.0,76,283,16.0,Food Pairing C,Chilled,1.5,86,11.96,12 OZ/0.35L,Beer description
Beer B,Country B,Brand B,Category C,Type B,Note C,5.0,63,212,2.0,Food Pairing C,Chilled,1.6,408,16.95,12 OZ/0.35L,Beer description
Beer A,Country A,Brand C,Category A,Type A,Note A,6.0,3,189,25.0,Food Pairing B,Chilled,4.4,63,5.22,12 OZ/0.35L,Beer description
Beer C,Country B,Brand B,Category B,Type C,Note A,7.0,35,153,0.0,Food Pairing B,Room temperature,4.1,128,3.08,12 OZ/0.35L,Beer description
Beer E,Country B,Brand C,Category B,Type B,Note C,4.0,42,150,20.0,Food Pairing A,Chilled,4.2,406,5.81,12 OZ/0.35L,Beer description
Beer E,Country C,Brand C,Category A,Type C,Note C,5.0,56,261,7.0,Food Pairing C,Cold,3.2,337,2.34,12 OZ/0.35L,Beer description
Beer B,Country A,Brand A,Category B,Type B,Note C,8.0,99,141,23.0,Food Pairing A,Room temperature,4.9,49,5.35,12 OZ/0.35L,Beer description
Beer D,Country C,Brand B,Category A,Type C,Note C,10.0,29,250,17.0,Food Pairing C,Room temperature,3.5,449,17.46,12 OZ/0.35L,Beer description
Beer E,Country C,Brand C,Category A,Type C,Note B,9.0,55,191,5.0,Food Pairing A,Chilled,3.7,457,1.22,12 OZ/0.35L,Beer description
Beer B,Country A,Brand A,Category C,Type B,Note A,12.0,77,174,20.0,Food Pairing B,Room temperature,4.9,52,9.13,12 OZ/0.35L,Beer description
Beer A,Country C,Brand A,Category B,Type A,Note B,7.0,48,184,30.0,Food Pairing A,Chilled,1.6,371,11.97,12 OZ/0.35L,Beer description
Beer C,Country B,Brand A,Category B,Type B,Note B,7.0,79,131,25.0,Food Pairing B,Cold,4.4,214,15.77,12 OZ/0.35L,Beer description
Beer A,Country C,Brand C,Category A,Type C,Note C,12.0,41,208,5.0,Food Pairing A,Chilled,1.8,21,16.19,12 OZ/0.35L,Beer description
Beer C,Country C,Brand C,Category B,Type B,Note B,5.0,92,263,27.0,Food Pairing B,Room temperature,3.5,347,13.36,12 OZ/0.35L,Beer description
Beer A,Country C,Brand B,Category A,Type B,Note C,9.0,66,268,19.0,Food Pairing C,Chilled,1.3,412,9.81,12 OZ/0.35L,Beer description
Beer C,Country B,Brand C,Category A,Type A,Note C,6.0,67,146,7.0,Food Pairing A,Room temperature,3.5,53,5.17,12 OZ/0.35L,Beer description
Beer E,Country B,Brand B,Category B,Type C,Note B,4.0,37,271,10.0,Food Pairing A,Room temperature,3.1,271,8.16,12 OZ/0.35L,Beer description
Beer C,Country C,Brand C,Category C,Type C,Note C,11.0,29,212,7.0,Food Pairing A,Cold,4.3,417,15.02,12 OZ/0.35L,Beer description
Beer E,Country B,Brand C,Category B,Type B,Note A,5.0,9,202,13.0,Food Pairing B,Room temperature,4.3,176,5.19,12 OZ/0.35L,Beer description
Beer D,Country C,Brand C,Category B,Type A,Note B,5.0,4,255,21.0,Food Pairing A,Room temperature,4.5,342,3.41,12 OZ/0.35L,Beer description
Beer B,Country A,Brand A,Category C,Type C,Note B,8.0,7,275,19.0,Food Pairing B,Chilled,1.9,48,19.3,12 OZ/0.35L,Beer description
Beer C,Country B,Brand B,Category C,Type C,Note A,7.0,35,275,11.0,Food Pairing A,Chilled,3.7,405,4.42,12 OZ/0.35L,Beer description
Beer A,Country B,Brand C,Category A,Type C,Note C,9.0,31,120,3.0,Food Pairing C,Room temperature,1.1,20,3.05,12 OZ/0.35L,Beer description
Beer C,Country C,Brand B,Category A,Type B,Note B,11.0,33,182,6.0,Food Pairing A,Room temperature,4.4,285,6.9,12 OZ/0.35L,Beer description
Beer D,Country B,Brand A,Category A,Type C,Note C,9.0,34,257,4.0,Food Pairing A,Chilled,2.0,132,6.2,12 OZ/0.35L,Beer description
Beer B,Country A,Brand B,Category C,Type B,Note B,9.0,9,282,12.0,Food Pairing B,Chilled,1.4,36,11.76,12 OZ/0.35L,Beer description
Beer B,Country C,Brand A,Category A,Type B,Note A,11.0,79,227,13.0,Food Pairing C,Chilled,3.6,338,13.43,12 OZ/0.35L,Beer description
Beer E,Country A,Brand C,Category B,Type B,Note C,5.0,49,270,7.0,Food Pairing C,Room temperature,2.4,281,2.71,12 OZ/0.35L,Beer description
Beer D,Country B,Brand B,Category C,Type A,Note B,4.0,74,225,1.0,Food Pairing C,Room temperature,3.0,400,18.87,12 OZ/0.35L,Beer description
Beer D,Country C,Brand B,Category C,Type C,Note A,8.0,54,181,7.0,Food Pairing B,Chilled,1.2,331,14.55,12 OZ/0.35L,Beer description
Beer A,Country A,Brand A,Category C,Type C,Note A,7.0,91,102,17.0,Food Pairing C,Room temperature,2.9,415,1.88,12 OZ/0.35L,Beer description
Beer B,Country B,Brand B,Category A,Type A,Note C,11.0,42,260,26.0,Food Pairing A,Room temperature,3.9,220,9.02,12 OZ/0.35L,Beer description
Beer D,Country B,Brand A,Category A,Type C,Note C,6.0,19,110,13.0,Food Pairing A,Chilled,2.8,410,15.49,12 OZ/0.35L,Beer description
Beer E,Country A,Brand B,Category A,Type A,Note A,7.0,9,290,29.0,Food Pairing B,Cold,2.6,390,18.99,12 OZ/0.35L,Beer description
Beer D,Country C,Brand A,Category B,Type C,Note B,11.0,68,228,9.0,Food Pairing A,Cold,3.6,109,9.41,12 OZ/0.35L,Beer description
Beer A,Country A,Brand B,Category B,Type C,Note A,4.0,56,112,6.0,Food Pairing A,Cold,1.8,230,5.24,12 OZ/0.35L,Beer description
Beer B,Country B,Brand C,Category B,Type B,Note A,8.0,74,236,7.0,Food Pairing A,Room temperature,4.8,264,3.31,12 OZ/0.35L,Beer description
Beer A,Country C,Brand B,Category C,Type B,Note A,10.0,3,268,3.0,Food Pairing A,Chilled,2.8,23,8.45,12 OZ/0.35L,Beer description
Beer C,Country C,Brand A,Category A,Type B,Note A,10.0,89,113,10.0,Food Pairing B,Cold,1.5,265,7.97,12 OZ/0.35L,Beer description
Beer E,Country A,Brand C,Category A,Type A,Note A,10.0,11,255,23.0,Food Pairing A,Cold,4.4,74,17.58,12 OZ/0.35L,Beer description
Beer C,Country A,Brand B,Category A,Type B,Note A,8.0,35,177,5.0,Food Pairing B,Chilled,4.0,473,16.28,12 OZ/0.35L,Beer description
Beer D,Country B,Brand C,Category C,Type B,Note B,8.0,39,118,1.0,Food Pairing B,Cold,1.5,419,13.31,12 OZ/0.35L,Beer description
Beer D,Country C,Brand A,Category A,Type C,Note C,9.0,5,199,21.0,Food Pairing C,Room temperature,1.7,393,4.52,12 OZ/0.35L,Beer description
Beer A,Country C,Brand A,Category B,Type C,Note C,7.0,73,275,22.0,Food Pairing B,Room temperature,2.1,113,10.92,12 OZ/0.35L,Beer description
Beer E,Country C,Brand A,Category A,Type B,Note A,7.0,93,149,21.0,Food Pairing C,Cold,3.5,498,13.9,12 OZ/0.35L,Beer description
Beer E,Country B,Brand B,Category B,Type B,Note C,8.0,64,124,6.0,Food Pairing A,Cold,3.0,440,10.23,12 OZ/0.35L,Beer description
Beer B,Country C,Brand A,Category C,Type A,Note C,8.0,57,163,8.0,Food Pairing A,Room temperature,3.4,316,16.8,12 OZ/0.35L,Beer description
Beer E,Country B,Brand A,Category C,Type B,Note B,4.0,52,269,14.0,Food Pairing B,Cold,3.6,421,2.21,12 OZ/0.35L,Beer description
Beer B,Country C,Brand B,Category B,Type A,Note C,3.0,38,221,3.0,Food Pairing C,Cold,4.2,376,2.54,12 OZ/0.35L,Beer description
Beer A,Country C,Brand C,Category C,Type A,Note C,8.0,37,234,8.0,Food Pairing C,Room temperature,3.4,249,19.28,12 OZ/0.35L,Beer description
Beer B,Country B,Brand B,Category B,Type C,Note A,9.0,65,290,3.0,Food Pairing B,Room temperature,5.0,271,8.01,12 OZ/0.35L,Beer description
Beer A,Country C,Brand C,Category A,Type A,Note A,9.0,78,226,6.0,Food Pairing A,Cold,2.7,110,17.12,12 OZ/0.35L,Beer description
Beer A,Country B,Brand B,Category C,Type C,Note B,9.0,20,258,10.0,Food Pairing B,Cold,3.1,460,18.52,12 OZ/0.35L,Beer description
Beer C,Country A,Brand C,Category B,Type C,Note C,8.0,59,219,5.0,Food Pairing C,Chilled,4.2,162,18.66,12 OZ/0.35L,Beer description
Beer A,Country C,Brand C,Category B,Type B,Note C,10.0,85,175,25.0,Food Pairing C,Chilled,2.1,268,15.96,12 OZ/0.35L,Beer description
Beer B,Country A,Brand C,Category B,Type A,Note A,6.0,6,207,3.0,Food Pairing C,Room temperature,2.7,406,5.2,12 OZ/0.35L,Beer description
Beer A,Country B,Brand C,Category A,Type C,Note C,4.0,9,278,13.0,Food Pairing A,Chilled,4.0,396,2.54,12 OZ/0.35L,Beer description
Beer A,Country B,Brand A,Category C,Type A,Note B,10.0,95,141,17.0,Food Pairing C,Room temperature,1.7,491,18.32,12 OZ/0.35L,Beer description
Beer C,Country B,Brand A,Category C,Type A,Note B,4.0,34,259,20.0,Food Pairing B,Chilled,2.5,335,12.06,12 OZ/0.35L,Beer description
Beer E,Country B,Brand C,Category B,Type C,Note B,11.0,6,107,10.0,Food Pairing B,Cold,3.5,121,10.75,12 OZ/0.35L,Beer description
Beer B,Country C,Brand A,Category B,Type A,Note A,9.0,80,153,8.0,Food Pairing C,Room temperature,3.3,416,3.54,12 OZ/0.35L,Beer description
Beer A,Country C,Brand B,Category B,Type B,Note C,10.0,85,112,16.0,Food Pairing C,Room temperature,3.3,69,9.25,12 OZ/0.35L,Beer description
Beer B,Country A,Brand A,Category C,Type C,Note B,9.0,39,251,13.0,Food Pairing A,Cold,2.2,292,19.06,12 OZ/0.35L,Beer description
Beer C,Country C,Brand C,Category C,Type B,Note B,8.0,49,240,18.0,Food Pairing C,Room temperature,1.8,369,5.7,12 OZ/0.35L,Beer description
Beer B,Country C,Brand B,Category A,Type C,Note A,7.0,86,151,1.0,Food Pairing B,Cold,3.6,104,19.24,12 OZ/0.35L,Beer description
Beer A,Country B,Brand B,Category C,Type C,Note A,10.0,71,264,12.0,Food Pairing C,Cold,1.4,314,15.59,12 OZ/0.35L,Beer description
Beer B,Country B,Brand C,Category B,Type C,Note B,4.0,6,165,7.0,Food Pairing A,Room temperature,2.7,440,9.03,12 OZ/0.35L,Beer description
Beer B,Country C,Brand A,Category B,Type C,Note B,10.0,85,112,18.0,Food Pairing A,Cold,4.9,49,12.67,12 OZ/0.35L,Beer description
Beer B,Country A,Brand B,Category C,Type B,Note B,7.0,40,202,8.0,Food Pairing B,Room temperature,2.8,159,12.64,12 OZ/0.35L,Beer description
Beer D,Country A,Brand A,Category B,Type C,Note B,11.0,26,161,1.0,Food Pairing C,Chilled,4.1,297,9.9,12 OZ/0.35L,Beer description
Beer C,Country C,Brand C,Category C,Type A,Note C,9.0,67,207,6.0,Food Pairing B,Chilled,2.8,220,10.02,12 OZ/0.35L,Beer description
Beer C,Country A,Brand C,Category B,Type A,Note C,6.0,53,185,16.0,Food Pairing B,Cold,3.2,357,16.56,12 OZ/0.35L,Beer description
Beer C,Country A,Brand A,Category B,Type C,Note B,7.0,85,245,2.0,Food Pairing A,Chilled,3.3,91,18.65,12 OZ/0.35L,Beer description
Beer B,Country B,Brand A,Category A,Type C,Note B,3.0,4,164,7.0,Food Pairing C,Chilled,3.4,60,6.86,12 OZ/0.35L,Beer description
Beer B,Country A,Brand B,Category B,Type A,Note C,9.0,21,107,8.0,Food Pairing C,Cold,4.8,179,9.23,12 OZ/0.35L,Beer description
Beer A,Country B,Brand A,Category B,Type A,Note C,7.0,51,241,27.0,Food Pairing A,Room temperature,2.7,294,17.32,12 OZ/0.35L,Beer description
Beer D,Country A,Brand C,Category B,Type C,Note B,6.0,96,271,17.0,Food Pairing A,Cold,4.9,254,1.84,12 OZ/0.35L,Beer description
Beer B,Country C,Brand B,Category A,Type C,Note B,6.0,89,235,25.0,Food Pairing C,Chilled,3.1,434,12.45,12 OZ/0.35L,Beer description
Beer A,Country B,Brand A,Category A,Type C,Note B,9.0,67,241,1.0,Food Pairing C,Room temperature,1.9,189,9.28,12 OZ/0.35L,Beer description
Beer A,Country B,Brand B,Category A,Type B,Note C,6.0,73,176,14.0,Food Pairing A,Room temperature,4.6,403,15.06,12 OZ/0.35L,Beer description
Beer C,Country B,Brand A,Category C,Type C,Note A,9.0,73,140,12.0,Food Pairing A,Cold,1.8,237,10.8,12 OZ/0.35L,Beer description
Beer A,Country A,Brand C,Category A,Type A,Note A,8.0,48,245,30.0,Food Pairing A,Room temperature,4.7,93,7.75,12 OZ/0.35L,Beer description
Beer C,Country B,Brand A,Category C,Type C,Note A,4.0,55,203,17.0,Food Pairing B,Chilled,2.4,460,4.83,12 OZ/0.35L,Beer description
Beer D,Country B,Brand A,Category C,Type A,Note B,4.0,82,298,5.0,Food Pairing A,Room temperature,4.5,317,8.77,12 OZ/0.35L,Beer description
Beer E,Country A,Brand B,Category B,Type B,Note C,3.0,88,294,6.0,Food Pairing A,Cold,3.7,234,14.21,12 OZ/0.35L,Beer description
Beer C,Country C,Brand C,Category A,Type B,Note B,10.0,42,231,5.0,Food Pairing C,Chilled,3.1,98,8.6,12 OZ/0.35L,Beer description
Beer C,Country B,Brand A,Category B,Type C,Note C,7.0,65,234,11.0,Food Pairing A,Cold,4.8,363,2.56,12 OZ/0.35L,Beer description
Beer C,Country C,Brand C,Category A,Type C,Note C,9.0,55,215,2.0,Food Pairing A,Chilled,1.5,301,8.31,12 OZ/0.35L,Beer description
Beer C,Country B,Brand C,Category A,Type C,Note C,5.0,31,200,7.0,Food Pairing C,Room temperature,2.4,232,1.96,12 OZ/0.35L,Beer description
Beer B,Country B,Brand A,Category C,Type B,Note A,6.0,70,112,29.0,Food Pairing A,Cold,2.3,332,8.31,12 OZ/0.35L,Beer description
Beer E,Country A,Brand C,Category B,Type B,Note C,7.0,90,166,3.0,Food Pairing A,Room temperature,1.7,302,9.35,12 OZ/0.35L,Beer description
Beer A,Country B,Brand B,Category C,Type A,Note B,7.0,14,243,22.0,Food Pairing C,Cold,3.5,172,9.56,12 OZ/0.35L,Beer description
Beer C,Country C,Brand C,Category C,Type B,Note B,9.0,94,246,20.0,Food Pairing A,Cold,2.2,254,19.81,12 OZ/0.35L,Beer description
Beer E,Country A,Brand A,Category C,Type B,Note B,8.0,38,278,29.0,Food Pairing C,Room temperature,1.7,299,11.72,12 OZ/0.35L,Beer description
Beer C,Country C,Brand B,Category A,Type A,Note C,4.0,8,140,24.0,Food Pairing B,Chilled,3.7,17,4.91,12 OZ/0.35L,Beer description
Beer A,Country C,Brand A,Category A,Type A,Note A,9.0,0,290,12.0,Food Pairing C,Chilled,2.5,21,13.34,12 OZ/0.35L,Beer description
Beer E,Country B,Brand B,Category B,Type B,Note A,6.0,64,110,3.0,Food Pairing A,Room temperature,3.3,493,15.15,12 OZ/0.35L,Beer description
Beer C,Country A,Brand A,Category C,Type C,Note B,10.0,24,280,14.0,Food Pairing C,Room temperature,4.8,453,5.7,12 OZ/0.35L,Beer description
Beer C,Country A,Brand A,Category C,Type C,Note C,5.0,13,121,11.0,Food Pairing C,Cold,1.4,329,10.08,12 OZ/0.35L,Beer description
Beer C,Country A,Brand C,Category B,Type C,Note C,11.0,17,244,25.0,Food Pairing A,Room temperature,2.4,416,3.54,12 OZ/0.35L,Beer description
Beer E,Country A,Brand C,Category C,Type A,Note A,3.0,69,143,5.0,Food Pairing B,Cold,1.7,241,6.14,12 OZ/0.35L,Beer description
Beer E,Country B,Brand A,Category B,Type A,Note A,4.0,15,153,28.0,Food Pairing B,Room temperature,2.5,104,4.32,12 OZ/0.35L,Beer description
Beer B,Country A,Brand C,Category B,Type A,Note A,12.0,94,198,20.0,Food Pairing A,Room temperature,2.9,354,11.15,12 OZ/0.35L,Beer description
Beer D,Country C,Brand C,Category A,Type A,Note B,6.0,21,260,25.0,Food Pairing A,Room temperature,2.2,285,19.67,12 OZ/0.35L,Beer description
Beer D,Country B,Brand A,Category A,Type B,Note B,7.0,87,134,3.0,Food Pairing C,Room temperature,1.2,204,14.89,12 OZ/0.35L,Beer description
Beer A,Country C,Brand B,Category B,Type A,Note B,7.0,15,149,10.0,Food Pairing A,Room temperature,1.3,30,14.89,12 OZ/0.35L,Beer description
Beer A,Country B,Brand B,Category B,Type C,Note A,12.0,98,104,9.0,Food Pairing A,Room temperature,4.6,410,12.73,12 OZ/0.35L,Beer description
Beer D,Country C,Brand B,Category B,Type A,Note A,12.0,44,288,16.0,Food Pairing A,Cold,1.3,263,14.03,12 OZ/0.35L,Beer description
Beer C,Country C,Brand C,Category C,Type B,Note B,11.0,9,162,20.0,Food Pairing C,Chilled,3.1,129,15.34,12 OZ/0.35L,Beer description
Beer D,Country C,Brand A,Category A,Type A,Note B,7.0,31,105,18.0,Food Pairing B,Cold,2.5,251,17.65,12 OZ/0.35L,Beer description
Beer C,Country B,Brand B,Category B,Type A,Note B,6.0,9,252,20.0,Food Pairing A,Room temperature,1.8,189,11.78,12 OZ/0.35L,Beer description
Beer A,Country C,Brand A,Category A,Type A,Note B,10.0,85,191,25.0,Food Pairing C,Chilled,3.7,270,1.9,12 OZ/0.35L,Beer description
Beer C,Country B,Brand B,Category A,Type B,Note A,7.0,91,202,2.0,Food Pairing A,Room temperature,4.7,243,12.81,12 OZ/0.35L,Beer description
Beer C,Country C,Brand A,Category C,Type C,Note A,10.0,31,165,4.0,Food Pairing A,Chilled,3.8,472,14.35,12 OZ/0.35L,Beer description
Beer E,Country B,Brand B,Category A,Type C,Note C,9.0,88,108,25.0,Food Pairing B,Chilled,2.2,491,5.72,12 OZ/0.35L,Beer description
Beer E,Country C,Brand B,Category B,Type C,Note B,9.0,19,234,2.0,Food Pairing C,Room temperature,4.6,92,15.01,12 OZ/0.35L,Beer description
Beer D,Country A,Brand A,Category B,Type C,Note C,5.0,60,225,2.0,Food Pairing C,Room temperature,2.8,156,14.92,12 OZ/0.35L,Beer description
Beer A,Country A,Brand C,Category B,Type C,Note B,8.0,29,281,18.0,Food Pairing B,Cold,4.8,426,16.99,12 OZ/0.35L,Beer description
Beer B,Country C,Brand C,Category A,Type B,Note A,11.0,62,189,18.0,Food Pairing B,Chilled,4.7,314,8.47,12 OZ/0.35L,Beer description
Beer B,Country C,Brand B,Category C,Type A,Note C,7.0,19,134,11.0,Food Pairing C,Chilled,1.6,171,16.51,12 OZ/0.35L,Beer description
Beer C,Country C,Brand A,Category A,Type B,Note B,4.0,30,203,27.0,Food Pairing C,Room temperature,3.9,345,18.48,12 OZ/0.35L,Beer description
Beer D,Country B,Brand A,Category A,Type A,Note C,4.0,71,289,23.0,Food Pairing A,Cold,2.3,135,8.21,12 OZ/0.35L,Beer description
Beer D,Country C,Brand B,Category B,Type A,Note B,10.0,76,194,7.0,Food Pairing A,Chilled,1.8,413,9.76,12 OZ/0.35L,Beer description
Beer A,Country C,Brand B,Category A,Type C,Note A,4.0,23,192,24.0,Food Pairing C,Room temperature,3.9,345,13.64,12 OZ/0.35L,Beer description
Beer D,Country C,Brand B,Category A,Type C,Note C,6.0,36,190,25.0,Food Pairing A,Cold,1.4,494,8.84,12 OZ/0.35L,Beer description
Beer A,Country A,Brand B,Category B,Type A,Note C,3.0,44,137,27.0,Food Pairing B,Chilled,1.6,143,19.68,12 OZ/0.35L,Beer description
Beer A,Country A,Brand A,Category B,Type C,Note B,8.0,7,246,7.0,Food Pairing B,Room temperature,3.9,159,16.61,12 OZ/0.35L,Beer description
Beer D,Country C,Brand B,Category A,Type A,Note C,10.0,47,239,20.0,Food Pairing B,Chilled,4.4,420,3.59,12 OZ/0.35L,Beer description
Beer A,Country C,Brand A,Category A,Type B,Note A,4.0,66,129,20.0,Food Pairing C,Cold,2.4,279,17.05,12 OZ/0.35L,Beer description
Beer B,Country C,Brand B,Category C,Type B,Note A,5.0,6,221,29.0,Food Pairing B,Cold,1.2,117,13.9,12 OZ/0.35L,Beer description
Beer D,Country B,Brand C,Category B,Type A,Note B,11.0,61,237,26.0,Food Pairing B,Cold,2.7,417,2.71,12 OZ/0.35L,Beer description
Beer C,Country C,Brand C,Category C,Type A,Note B,7.0,53,187,18.0,Food Pairing B,Room temperature,1.5,99,8.48,12 OZ/0.35L,Beer description
Beer A,Country C,Brand B,Category B,Type B,Note C,7.0,69,187,17.0,Food Pairing C,Room temperature,4.0,126,9.31,12 OZ/0.35L,Beer description
Beer D,Country B,Brand C,Category C,Type A,Note C,8.0,13,121,19.0,Food Pairing C,Cold,2.1,467,7.54,12 OZ/0.35L,Beer description
Beer D,Country B,Brand B,Category C,Type B,Note C,5.0,70,236,27.0,Food Pairing C,Cold,1.1,375,16.09,12 OZ/0.35L,Beer description
Beer B,Country B,Brand B,Category B,Type A,Note B,4.0,67,156,16.0,Food Pairing A,Room temperature,1.7,126,11.81,12 OZ/0.35L,Beer description
Beer B,Country B,Brand C,Category A,Type A,Note A,5.0,0,214,15.0,Food Pairing B,Cold,2.8,270,8.44,12 OZ/0.35L,Beer description
Beer A,Country B,Brand C,Category B,Type B,Note A,10.0,56,297,21.0,Food Pairing B,Room temperature,2.6,219,15.41,12 OZ/0.35L,Beer description
Beer B,Country A,Brand B,Category A,Type C,Note B,9.0,46,182,21.0,Food Pairing A,Chilled,3.2,198,3.13,12 OZ/0.35L,Beer description
Beer E,Country B,Brand A,Category B,Type B,Note B,11.0,99,213,14.0,Food Pairing A,Room temperature,3.5,52,8.89,12 OZ/0.35L,Beer description
Beer A,Country A,Brand C,Category B,Type C,Note A,3.0,5,234,27.0,Food Pairing B,Cold,3.9,238,6.15,12 OZ/0.35L,Beer description
Beer E,Country C,Brand C,Category B,Type C,Note A,7.0,86,242,6.0,Food Pairing A,Room temperature,1.9,233,19.13,12 OZ/0.35L,Beer description
Beer D,Country C,Brand C,Category B,Type B,Note A,7.0,65,120,26.0,Food Pairing C,Room temperature,3.5,426,17.51,12 OZ/0.35L,Beer description
Beer B,Country B,Brand A,Category C,Type A,Note A,6.0,84,207,19.0,Food Pairing C,Room temperature,4.8,352,10.84,12 OZ/0.35L,Beer description
Beer E,Country B,Brand C,Category B,Type B,Note A,9.0,88,122,27.0,Food Pairing A,Chilled,3.1,87,7.51,12 OZ/0.35L,Beer description
Beer E,Country A,Brand A,Category A,Type B,Note B,8.0,13,215,16.0,Food Pairing B,Room temperature,3.7,47,4.12,12 OZ/0.35L,Beer description
Beer A,Country C,Brand C,Category A,Type C,Note C,4.0,53,241,15.0,Food Pairing C,Room temperature,4.8,229,8.49,12 OZ/0.35L,Beer description
Beer E,Country B,Brand A,Category B,Type A,Note C,8.0,93,155,5.0,Food Pairing A,Cold,3.9,495,14.01,12 OZ/0.35L,Beer description
Beer A,Country C,Brand C,Category C,Type B,Note A,11.0,95,195,17.0,Food Pairing A,Chilled,2.1,479,4.35,12 OZ/0.35L,Beer description
Beer C,Country A,Brand C,Category C,Type B,Note A,9.0,81,224,23.0,Food Pairing C,Cold,4.0,103,12.88,12 OZ/0.35L,Beer description
Beer B,Country C,Brand A,Category C,Type A,Note B,4.0,10,265,23.0,Food Pairing B,Room temperature,2.3,401,3.71,12 OZ/0.35L,Beer description
Beer B,Country A,Brand A,Category B,Type A,Note A,6.0,3,141,12.0,Food Pairing B,Room temperature,3.3,254,14.24,12 OZ/0.35L,Beer description
Beer E,Country C,Brand C,Category A,Type A,Note B,5.0,65,194,14.0,Food Pairing B,Cold,3.3,225,9.48,12 OZ/0.35L,Beer description
Beer B,Country A,Brand C,Category C,Type B,Note C,10.0,55,271,1.0,Food Pairing C,Room temperature,1.6,142,3.15,12 OZ/0.35L,Beer description
Beer C,Country C,Brand B,Category A,Type C,Note B,11.0,12,233,5.0,Food Pairing A,Room temperature,1.6,185,18.83,12 OZ/0.35L,Beer description
Beer A,Country B,Brand A,Category B,Type C,Note B,4.0,58,138,3.0,Food Pairing B,Chilled,3.3,219,19.06,12 OZ/0.35L,Beer description
Beer D,Country B,Brand A,Category C,Type A,Note B,12.0,20,131,27.0,Food Pairing A,Chilled,4.2,28,6.79,12 OZ/0.35L,Beer description
Beer A,Country B,Brand C,Category C,Type C,Note C,12.0,2,177,19.0,Food Pairing A,Chilled,4.7,404,5.2,12 OZ/0.35L,Beer description
Beer C,Country A,Brand C,Category A,Type C,Note B,11.0,52,186,30.0,Food Pairing C,Chilled,2.5,452,19.2,12 OZ/0.35L,Beer description
Beer D,Country C,Brand C,Category A,Type B,Note A,10.0,96,114,7.0,Food Pairing A,Room temperature,2.7,405,11.74,12 OZ/0.35L,Beer description
Beer C,Country C,Brand B,Category C,Type B,Note B,6.0,16,206,20.0,Food Pairing B,Chilled,4.2,349,9.08,12 OZ/0.35L,Beer description
Beer E,Country C,Brand C,Category C,Type C,Note B,8.0,90,212,14.0,Food Pairing A,Cold,2.4,147,12.63,12 OZ/0.35L,Beer description
Beer A,Country C,Brand A,Category C,Type C,Note B,8.0,58,299,0.0,Food Pairing A,Chilled,2.4,44,11.95,12 OZ/0.35L,Beer description
Beer E,Country B,Brand A,Category C,Type C,Note A,11.0,74,297,22.0,Food Pairing A,Cold,4.3,415,8.79,12 OZ/0.35L,Beer description
Beer B,Country A,Brand A,Category C,Type B,Note A,11.0,65,246,7.0,Food Pairing B,Cold,3.2,322,3.72,12 OZ/0.35L,Beer description
Beer C,Country A,Brand C,Category A,Type B,Note A,6.0,14,161,21.0,Food Pairing B,Room temperature,3.4,408,19.17,12 OZ/0.35L,Beer description
Beer B,Country A,Brand A,Category A,Type A,Note A,3.0,95,273,4.0,Food Pairing C,Chilled,3.2,443,4.58,12 OZ/0.35L,Beer description
Beer E,Country A,Brand A,Category A,Type A,Note C,6.0,5,186,10.0,Food Pairing B,Cold,2.6,137,17.6,12 OZ/0.35L,Beer description
Beer B,Country B,Brand C,Category C,Type A,Note A,6.0,65,139,24.0,Food Pairing B,Chilled,1.1,483,7.82,12 OZ/0.35L,Beer description
Beer B,Country B,Brand C,Category C,Type B,Note A,4.0,40,162,25.0,Food Pairing B,Room temperature,1.3,408,7.27,12 OZ/0.35L,Beer description
Beer B,Country A,Brand C,Category B,Type A,Note A,12.0,49,228,28.0,Food Pairing B,Cold,3.9,124,6.38,12 OZ/0.35L,Beer description
Beer C,Country B,Brand A,Category A,Type A,Note C,5.0,8,126,18.0,Food Pairing A,Chilled,2.2,197,16.18,12 OZ/0.35L,Beer description
Beer B,Country C,Brand B,Category C,Type C,Note A,12.0,73,223,0.0,Food Pairing C,Cold,2.4,375,9.73,12 OZ/0.35L,Beer description
Beer E,Country C,Brand B,Category C,Type C,Note C,9.0,4,232,5.0,Food Pairing C,Cold,1.3,394,16.82,12 OZ/0.35L,Beer description
Beer C,Country B,Brand C,Category A,Type B,Note C,12.0,3,208,19.0,Food Pairing C,Room temperature,1.0,454,1.31,12 OZ/0.35L,Beer description
Beer E,Country B,Brand B,Category A,Type C,Note B,7.0,15,199,25.0,Food Pairing B,Cold,3.4,457,8.92,12 OZ/0.35L,Beer description
Beer E,Country B,Brand C,Category C,Type A,Note A,7.0,58,263,25.0,Food Pairing C,Room temperature,4.7,306,19.4,12 OZ/0.35L,Beer description
Beer B,Country B,Brand B,Category C,Type A,Note B,8.0,71,126,24.0,Food Pairing A,Chilled,1.1,155,11.6,12 OZ/0.35L,Beer description
Beer A,Country C,Brand A,Category B,Type A,Note C,4.0,82,198,4.0,Food Pairing B,Cold,3.7,115,2.38,12 OZ/0.35L,Beer description
Beer C,Country C,Brand C,Category B,Type C,Note B,5.0,2,271,7.0,Food Pairing C,Room temperature,2.2,435,11.31,12 OZ/0.35L,Beer description
Beer B,Country B,Brand A,Category B,Type C,Note C,4.0,98,187,20.0,Food Pairing A,Chilled,1.2,29,11.63,12 OZ/0.35L,Beer description
Beer D,Country A,Brand B,Category C,Type A,Note B,7.0,77,184,19.0,Food Pairing A,Cold,4.8,477,5.77,12 OZ/0.35L,Beer description
Beer A,Country B,Brand B,Category B,Type A,Note B,6.0,49,189,18.0,Food Pairing C,Chilled,4.7,402,2.94,12 OZ/0.35L,Beer description
Beer B,Country A,Brand B,Category C,Type B,Note B,6.0,39,163,4.0,Food Pairing C,Chilled,2.6,225,13.29,12 OZ/0.35L,Beer description
Beer C,Country C,Brand A,Category B,Type C,Note B,4.0,67,104,17.0,Food Pairing B,Cold,2.8,214,10.05,12 OZ/0.35L,Beer description
Beer A,Country B,Brand A,Category C,Type C,Note B,4.0,39,104,24.0,Food Pairing B,Chilled,1.7,452,6.56,12 OZ/0.35L,Beer description
Beer C,Country C,Brand C,Category C,Type A,Note B,7.0,71,255,27.0,Food Pairing B,Chilled,2.6,10,16.06,12 OZ/0.35L,Beer description
Beer C,Country A,Brand A,Category B,Type B,Note C,10.0,4,254,16.0,Food Pairing A,Chilled,3.6,80,6.43,12 OZ/0.35L,Beer description
Beer B,Country C,Brand A,Category C,Type A,Note A,6.0,32,189,8.0,Food Pairing C,Cold,2.7,179,13.69,12 OZ/0.35L,Beer description
Beer A,Country B,Brand B,Category A,Type C,Note C,10.0,93,227,3.0,Food Pairing A,Chilled,4.5,316,18.98,12 OZ/0.35L,Beer description
Beer A,Country B,Brand C,Category B,Type A,Note B,11.0,59,276,2.0,Food Pairing C,Chilled,4.1,265,2.7,12 OZ/0.35L,Beer description
Beer B,Country B,Brand C,Category A,Type A,Note C,8.0,7,201,29.0,Food Pairing C,Room temperature,2.1,415,1.86,12 OZ/0.35L,Beer description
Beer D,Country C,Brand A,Category C,Type C,Note C,5.0,84,188,23.0,Food Pairing C,Cold,2.2,418,11.57,12 OZ/0.35L,Beer description
Beer E,Country A,Brand A,Category C,Type C,Note B,10.0,82,217,19.0,Food Pairing A,Cold,2.0,88,16.73,12 OZ/0.35L,Beer description
Beer A,Country B,Brand B,Category A,Type B,Note A,6.0,93,176,7.0,Food Pairing B,Room temperature,2.3,270,5.72,12 OZ/0.35L,Beer description
Beer B,Country B,Brand C,Category B,Type B,Note C,6.0,94,119,15.0,Food Pairing A,Cold,2.3,391,1.52,12 OZ/0.35L,Beer description
Beer D,Country C,Brand B,Category C,Type B,Note A,4.0,18,289,26.0,Food Pairing C,Cold,3.6,274,7.09,12 OZ/0.35L,Beer description
Beer E,Country B,Brand B,Category B,Type C,Note C,3.0,78,169,23.0,Food Pairing C,Room temperature,4.7,486,10.54,12 OZ/0.35L,Beer description
Beer D,Country A,Brand B,Category C,Type A,Note C,6.0,26,281,13.0,Food Pairing C,Cold,2.6,340,16.75,12 OZ/0.35L,Beer description
Beer D,Country C,Brand A,Category B,Type C,Note B,10.0,87,251,14.0,Food Pairing B,Cold,2.3,231,1.49,12 OZ/0.35L,Beer description
Beer D,Country B,Brand C,Category B,Type C,Note C,5.0,73,261,22.0,Food Pairing C,Cold,2.3,100,15.45,12 OZ/0.35L,Beer description
Beer E,Country A,Brand A,Category C,Type C,Note C,10.0,29,238,18.0,Food Pairing C,Room temperature,4.8,414,7.09,12 OZ/0.35L,Beer description
Beer E,Country C,Brand B,Category A,Type A,Note B,4.0,10,108,22.0,Food Pairing C,Room temperature,2.4,388,12.01,12 OZ/0.35L,Beer description
Beer D,Country A,Brand B,Category B,Type B,Note A,6.0,14,294,24.0,Food Pairing C,Chilled,4.5,476,9.99,12 OZ/0.35L,Beer description
Beer E,Country B,Brand B,Category C,Type C,Note C,8.0,36,290,13.0,Food Pairing A,Chilled,1.0,115,3.68,12 OZ/0.35L,Beer description
Beer E,Country B,Brand C,Category A,Type B,Note B,4.0,27,288,23.0,Food Pairing B,Cold,3.7,366,16.73,12 OZ/0.35L,Beer description
Beer D,Country A,Brand C,Category C,Type B,Note A,6.0,73,197,11.0,Food Pairing B,Chilled,3.2,228,2.62,12 OZ/0.35L,Beer description
Beer E,Country A,Brand A,Category B,Type B,Note B,3.0,29,257,19.0,Food Pairing B,Cold,1.3,243,15.9,12 OZ/0.35L,Beer description
Beer B,Country B,Brand C,Category B,Type C,Note B,8.0,14,219,27.0,Food Pairing B,Cold,4.9,488,5.05,12 OZ/0.35L,Beer description
Beer D,Country A,Brand A,Category C,Type C,Note A,11.0,56,158,29.0,Food Pairing C,Room temperature,2.8,429,19.88,12 OZ/0.35L,Beer description
Beer A,Country A,Brand B,Category B,Type B,Note A,10.0,24,216,14.0,Food Pairing A,Chilled,3.1,284,10.74,12 OZ/0.35L,Beer description
Beer D,Country A,Brand A,Category C,Type A,Note C,8.0,44,185,17.0,Food Pairing B,Room temperature,2.5,494,2.42,12 OZ/0.35L,Beer description
Beer C,Country B,Brand C,Category A,Type C,Note A,9.0,9,217,11.0,Food Pairing C,Cold,3.1,464,6.03,12 OZ/0.35L,Beer description
Beer C,Country A,Brand B,Category B,Type B,Note A,6.0,43,228,26.0,Food Pairing B,Cold,4.3,479,15.9,12 OZ/0.35L,Beer description
Beer A,Country A,Brand A,Category A,Type B,Note A,4.0,37,279,6.0,Food Pairing A,Cold,3.6,291,6.27,12 OZ/0.35L,Beer description
Beer E,Country B,Brand B,Category C,Type B,Note B,8.0,84,113,4.0,Food Pairing C,Room temperature,1.0,76,4.92,12 OZ/0.35L,Beer description
Beer D,Country B,Brand A,Category A,Type B,Note A,7.0,75,156,15.0,Food Pairing C,Cold,1.4,372,18.54,12 OZ/0.35L,Beer description
Beer B,Country A,Brand A,Category A,Type B,Note B,12.0,36,124,22.0,Food Pairing A,Cold,4.9,423,19.23,12 OZ/0.35L,Beer description
Beer A,Country C,Brand A,Category B,Type B,Note C,7.0,46,111,21.0,Food Pairing C,Chilled,4.2,348,19.99,12 OZ/0.35L,Beer description
Beer D,Country A,Brand B,Category C,Type A,Note B,6.0,49,293,9.0,Food Pairing B,Cold,4.9,173,19.52,12 OZ/0.35L,Beer description
Beer B,Country B,Brand A,Category B,Type B,Note A,4.0,34,265,6.0,Food Pairing C,Room temperature,4.7,289,16.86,12 OZ/0.35L,Beer description
Beer B,Country B,Brand C,Category B,Type C,Note A,6.0,13,274,7.0,Food Pairing B,Chilled,3.3,391,10.21,12 OZ/0.35L,Beer description
Beer E,Country A,Brand A,Category A,Type C,Note C,4.0,31,130,18.0,Food Pairing A,Room temperature,1.6,58,16.77,12 OZ/0.35L,Beer description
Beer A,Country A,Brand B,Category A,Type B,Note C,10.0,98,179,7.0,Food Pairing A,Room temperature,2.1,304,16.32,12 OZ/0.35L,Beer description
Beer A,Country A,Brand A,Category B,Type B,Note C,12.0,21,157,25.0,Food Pairing B,Cold,4.6,422,10.5,12 OZ/0.35L,Beer description
Beer D,Country C,Brand B,Category C,Type C,Note B,8.0,11,175,2.0,Food Pairing A,Room temperature,3.9,58,18.63,12 OZ/0.35L,Beer description
Beer E,Country B,Brand A,Category B,Type B,Note C,9.0,28,195,20.0,Food Pairing A,Chilled,4.4,48,10.54,12 OZ/0.35L,Beer description
Beer D,Country C,Brand A,Category B,Type A,Note B,6.0,24,106,24.0,Food Pairing B,Chilled,5.0,221,11.22,12 OZ/0.35L,Beer description
Beer C,Country A,Brand B,Category B,Type A,Note A,11.0,45,270,24.0,Food Pairing A,Cold,3.0,117,16.35,12 OZ/0.35L,Beer description
Beer A,Country A,Brand B,Category B,Type B,Note C,5.0,87,134,29.0,Food Pairing A,Cold,4.8,188,19.68,12 OZ/0.35L,Beer description
Beer E,Country A,Brand C,Category C,Type A,Note B,8.0,97,108,2.0,Food Pairing A,Cold,2.8,436,14.3,12 OZ/0.35L,Beer description
Beer A,Country C,Brand A,Category B,Type B,Note A,7.0,15,132,8.0,Food Pairing B,Cold,2.7,37,13.21,12 OZ/0.35L,Beer description
Beer B,Country B,Brand A,Category A,Type C,Note C,6.0,66,119,16.0,Food Pairing A,Cold,3.3,460,1.85,12 OZ/0.35L,Beer description
Beer A,Country A,Brand B,Category A,Type A,Note A,9.0,3,219,1.0,Food Pairing A,Room temperature,3.5,378,2.35,12 OZ/0.35L,Beer description
Beer D,Country B,Brand A,Category C,Type B,Note B,3.0,28,290,17.0,Food Pairing B,Room temperature,3.1,152,13.15,12 OZ/0.35L,Beer description
Beer A,Country B,Brand C,Category A,Type B,Note B,5.0,2,116,20.0,Food Pairing B,Room temperature,3.8,478,7.36,12 OZ/0.35L,Beer description
Beer A,Country A,Brand C,Category B,Type C,Note A,7.0,81,216,3.0,Food Pairing B,Chilled,3.6,292,9.5,12 OZ/0.35L,Beer description
Beer C,Country C,Brand C,Category A,Type C,Note B,11.0,47,171,28.0,Food Pairing A,Cold,2.4,59,10.25,12 OZ/0.35L,Beer description
Beer D,Country A,Brand B,Category B,Type A,Note B,5.0,51,162,6.0,Food Pairing B,Chilled,3.4,122,8.6,12 OZ/0.35L,Beer description
Beer B,Country C,Brand A,Category B,Type B,Note C,8.0,96,285,24.0,Food Pairing B,Room temperature,2.7,456,12.64,12 OZ/0.35L,Beer description
Beer B,Country A,Brand B,Category C,Type A,Note C,8.0,13,148,12.0,Food Pairing B,Chilled,2.4,290,16.46,12 OZ/0.35L,Beer description
Beer A,Country A,Brand A,Category B,Type A,Note B,5.0,34,259,1.0,Food Pairing C,Room temperature,2.1,61,17.76,12 OZ/0.35L,Beer description
Beer D,Country B,Brand A,Category B,Type A,Note B,8.0,71,171,6.0,Food Pairing A,Room temperature,1.0,77,2.98,12 OZ/0.35L,Beer description
Beer A,Country A,Brand C,Category A,Type A,Note A,6.0,96,248,18.0,Food Pairing A,Room temperature,2.0,348,7.11,12 OZ/0.35L,Beer description
Beer A,Country A,Brand C,Category C,Type A,Note C,5.0,56,163,6.0,Food Pairing C,Room temperature,2.4,314,18.38,12 OZ/0.35L,Beer description
Beer B,Country C,Brand B,Category A,Type B,Note C,6.0,74,189,24.0,Food Pairing B,Cold,2.1,212,11.95,12 OZ/0.35L,Beer description
Beer B,Country B,Brand A,Category C,Type B,Note C,7.0,63,226,15.0,Food Pairing C,Cold,1.2,490,17.64,12 OZ/0.35L,Beer description
Beer D,Country B,Brand C,Category C,Type A,Note C,4.0,3,285,16.0,Food Pairing C,Chilled,4.4,292,4.35,12 OZ/0.35L,Beer description
Beer E,Country B,Brand B,Category B,Type C,Note C,3.0,37,126,19.0,Food Pairing C,Chilled,1.8,24,5.52,12 OZ/0.35L,Beer description
Beer C,Country C,Brand A,Category B,Type A,Note C,9.0,15,267,5.0,Food Pairing B,Room temperature,1.5,326,17.63,12 OZ/0.35L,Beer description
Beer B,Country B,Brand C,Category B,Type B,Note B,8.0,52,148,26.0,Food Pairing C,Chilled,2.1,333,12.84,12 OZ/0.35L,Beer description
Beer A,Country C,Brand C,Category B,Type A,Note B,7.0,89,125,0.0,Food Pairing B,Cold,3.9,447,18.28,12 OZ/0.35L,Beer description
Beer A,Country A,Brand A,Category C,Type C,Note B,6.0,42,126,0.0,Food Pairing C,Room temperature,4.4,280,2.64,12 OZ/0.35L,Beer description
Beer A,Country A,Brand C,Category C,Type B,Note C,4.0,12,278,19.0,Food Pairing C,Chilled,2.9,63,7.31,12 OZ/0.35L,Beer description
Beer B,Country A,Brand A,Category A,Type A,Note C,7.0,81,197,3.0,Food Pairing C,Chilled,1.7,400,6.47,12 OZ/0.35L,Beer description
Beer B,Country C,Brand B,Category C,Type C,Note B,10.0,81,288,15.0,Food Pairing B,Cold,3.9,11,15.44,12 OZ/0.35L,Beer description
Beer D,Country B,Brand A,Category A,Type B,Note A,5.0,42,275,20.0,Food Pairing A,Chilled,4.3,34,17.52,12 OZ/0.35L,Beer description
Beer A,Country C,Brand B,Category C,Type B,Note C,3.0,46,208,14.0,Food Pairing B,Chilled,1.3,251,14.5,12 OZ/0.35L,Beer description
Beer B,Country C,Brand B,Category A,Type A,Note B,11.0,72,263,15.0,Food Pairing B,Chilled,2.5,186,10.2,12 OZ/0.35L,Beer description
Beer C,Country B,Brand C,Category B,Type A,Note A,4.0,8,227,0.0,Food Pairing C,Room temperature,3.5,482,5.88,12 OZ/0.35L,Beer description
Beer D,Country B,Brand C,Category A,Type A,Note C,7.0,72,169,9.0,Food Pairing B,Room temperature,4.6,199,16.21,12 OZ/0.35L,Beer description
Beer B,Country B,Brand C,Category B,Type A,Note A,8.0,48,120,27.0,Food Pairing B,Cold,2.8,72,8.65,12 OZ/0.35L,Beer description
Beer C,Country B,Brand B,Category A,Type B,Note A,5.0,99,129,2.0,Food Pairing C,Chilled,3.5,220,6.53,12 OZ/0.35L,Beer description
Beer A,Country B,Brand C,Category A,Type C,Note A,10.0,60,172,18.0,Food Pairing C,Cold,4.2,330,12.08,12 OZ/0.35L,Beer description
Beer E,Country A,Brand C,Category B,Type C,Note A,10.0,89,266,21.0,Food Pairing C,Cold,2.6,183,13.51,12 OZ/0.35L,Beer description
Beer A,Country C,Brand C,Category C,Type C,Note C,10.0,99,171,22.0,Food Pairing A,Cold,2.3,61,7.24,12 OZ/0.35L,Beer description
Beer D,Country A,Brand B,Category B,Type C,Note A,9.0,73,264,19.0,Food Pairing B,Cold,2.5,89,5.01,12 OZ/0.35L,Beer description
Beer C,Country C,Brand B,Category A,Type A,Note B,8.0,56,161,26.0,Food Pairing A,Chilled,2.7,382,12.93,12 OZ/0.35L,Beer description
Beer D,Country C,Brand C,Category B,Type C,Note C,4.0,14,149,3.0,Food Pairing C,Chilled,4.3,173,18.89,12 OZ/0.35L,Beer description
Beer C,Country C,Brand A,Category B,Type A,Note C,7.0,22,234,17.0,Food Pairing A,Room temperature,3.6,32,1.54,12 OZ/0.35L,Beer description
Beer D,Country C,Brand C,Category B,Type C,Note C,10.0,22,196,4.0,Food Pairing A,Cold,4.3,425,17.14,12 OZ/0.35L,Beer description
Beer B,Country A,Brand B,Category A,Type A,Note C,5.0,72,210,4.0,Food Pairing C,Room temperature,4.7,323,4.71,12 OZ/0.35L,Beer description
Beer A,Country A,Brand A,Category B,Type B,Note B,11.0,15,138,25.0,Food Pairing A,Cold,3.6,457,11.73,12 OZ/0.35L,Beer description
Beer E,Country B,Brand B,Category A,Type A,Note A,4.0,77,215,5.0,Food Pairing B,Chilled,1.5,471,17.32,12 OZ/0.35L,Beer description
Beer C,Country B,Brand C,Category A,Type A,Note A,6.0,99,252,30.0,Food Pairing C,Cold,2.3,222,13.63,12 OZ/0.35L,Beer description
Beer C,Country C,Brand B,Category B,Type A,Note C,9.0,43,282,0.0,Food Pairing B,Chilled,2.3,329,5.52,12 OZ/0.35L,Beer description
Beer A,Country A,Brand B,Category C,Type B,Note B,7.0,11,153,13.0,Food Pairing B,Room temperature,3.2,424,19.84,12 OZ/0.35L,Beer description
Beer A,Country C,Brand B,Category B,Type C,Note B,8.0,38,268,11.0,Food Pairing C,Chilled,3.3,146,12.82,12 OZ/0.35L,Beer description
Beer C,Country A,Brand A,Category A,Type A,Note C,4.0,65,271,11.0,Food Pairing C,Room temperature,3.3,264,14.56,12 OZ/0.35L,Beer description
Beer A,Country B,Brand C,Category B,Type B,Note A,11.0,8,227,23.0,Food Pairing C,Chilled,1.4,41,13.2,12 OZ/0.35L,Beer description
Beer B,Country C,Brand A,Category A,Type B,Note C,6.0,88,285,28.0,Food Pairing B,Room temperature,1.4,175,14.71,12 OZ/0.35L,Beer description
Beer D,Country A,Brand C,Category B,Type B,Note A,4.0,12,257,19.0,Food Pairing A,Room temperature,2.4,337,9.4,12 OZ/0.35L,Beer description
Beer D,Country C,Brand C,Category B,Type B,Note C,11.0,44,139,21.0,Food Pairing B,Cold,1.9,413,19.98,12 OZ/0.35L,Beer description
Beer B,Country A,Brand C,Category B,Type C,Note A,6.0,98,146,6.0,Food Pairing C,Cold,1.2,144,16.62,12 OZ/0.35L,Beer description
Beer A,Country A,Brand A,Category C,Type A,Note B,9.0,33,166,23.0,Food Pairing A,Room temperature,3.6,143,11.14,12 OZ/0.35L,Beer description
Beer C,Country C,Brand B,Category B,Type C,Note A,9.0,30,150,4.0,Food Pairing A,Room temperature,2.1,196,1.3,12 OZ/0.35L,Beer description
Beer E,Country A,Brand C,Category B,Type B,Note C,6.0,3,269,7.0,Food Pairing B,Cold,4.8,340,11.56,12 OZ/0.35L,Beer description
Beer B,Country C,Brand A,Category C,Type B,Note C,7.0,22,162,4.0,Food Pairing B,Chilled,4.6,329,19.94,12 OZ/0.35L,Beer description
Beer D,Country C,Brand C,Category C,Type C,Note C,5.0,71,262,11.0,Food Pairing B,Chilled,2.1,447,3.99,12 OZ/0.35L,Beer description
Beer E,Country A,Brand C,Category A,Type A,Note B,10.0,84,209,1.0,Food Pairing C,Cold,2.0,468,3.14,12 OZ/0.35L,Beer description
Beer B,Country B,Brand B,Category B,Type C,Note C,8.0,30,230,8.0,Food Pairing A,Room temperature,3.8,451,14.97,12 OZ/0.35L,Beer description
Beer B,Country B,Brand C,Category C,Type A,Note B,11.0,47,127,28.0,Food Pairing A,Cold,2.2,52,6.19,12 OZ/0.35L,Beer description
Beer C,Country B,Brand A,Category C,Type C,Note A,7.0,27,101,20.0,Food Pairing C,Room temperature,2.7,180,17.58,12 OZ/0.35L,Beer description
Beer A,Country C,Brand A,Category B,Type B,Note B,6.0,49,192,17.0,Food Pairing B,Chilled,1.5,266,2.22,12 OZ/0.35L,Beer description
Beer E,Country C,Brand C,Category A,Type B,Note C,10.0,5,171,22.0,Food Pairing B,Cold,2.4,322,8.5,12 OZ/0.35L,Beer description
Beer C,Country A,Brand A,Category C,Type C,Note B,5.0,77,260,9.0,Food Pairing A,Cold,2.1,360,4.14,12 OZ/0.35L,Beer description
Beer D,Country B,Brand A,Category C,Type B,Note B,8.0,98,107,11.0,Food Pairing B,Chilled,4.5,274,10.23,12 OZ/0.35L,Beer description
Beer B,Country A,Brand A,Category B,Type C,Note A,5.0,41,265,30.0,Food Pairing A,Cold,2.1,417,9.82,12 OZ/0.35L,Beer description
Beer A,Country C,Brand A,Category B,Type C,Note A,7.0,35,286,5.0,Food Pairing C,Chilled,3.8,402,5.55,12 OZ/0.35L,Beer description
Beer B,Country C,Brand B,Category C,Type B,Note B,4.0,47,185,14.0,Food Pairing C,Chilled,2.0,462,1.72,12 OZ/0.35L,Beer description
Beer A,Country A,Brand B,Category A,Type B,Note A,5.0,40,132,24.0,Food Pairing A,Cold,2.0,446,10.25,12 OZ/0.35L,Beer description
Beer E,Country B,Brand B,Category C,Type C,Note A,5.0,22,139,7.0,Food Pairing A,Room temperature,1.3,176,16.18,12 OZ/0.35L,Beer description
Beer E,Country A,Brand B,Category B,Type A,Note B,10.0,77,182,6.0,Food Pairing B,Room temperature,1.8,285,7.66,12 OZ/0.35L,Beer description
Beer B,Country A,Brand B,Category B,Type B,Note B,9.0,29,125,10.0,Food Pairing C,Chilled,4.3,93,11.8,12 OZ/0.35L,Beer description
Beer B,Country A,Brand A,Category B,Type B,Note A,8.0,68,136,25.0,Food Pairing C,Cold,3.5,393,16.94,12 OZ/0.35L,Beer description
Beer A,Country A,Brand B,Category C,Type B,Note A,10.0,0,217,19.0,Food Pairing C,Room temperature,2.2,294,10.2,12 OZ/0.35L,Beer description
Beer C,Country C,Brand C,Category B,Type B,Note A,9.0,22,190,4.0,Food Pairing B,Room temperature,3.6,181,19.75,12 OZ/0.35L,Beer description
Beer E,Country C,Brand A,Category C,Type B,Note B,5.0,32,265,16.0,Food Pairing C,Chilled,3.5,400,15.91,12 OZ/0.35L,Beer description
Beer A,Country A,Brand A,Category C,Type A,Note B,11.0,52,237,19.0,Food Pairing C,Room temperature,1.3,482,14.29,12 OZ/0.35L,Beer description
Beer D,Country B,Brand A,Category B,Type A,Note B,11.0,3,182,24.0,Food Pairing B,Cold,4.4,276,6.32,12 OZ/0.35L,Beer description
Beer A,Country A,Brand B,Category C,Type C,Note C,11.0,84,276,4.0,Food Pairing C,Cold,1.1,409,6.02,12 OZ/0.35L,Beer description
Beer C,Country A,Brand C,Category C,Type C,Note A,10.0,71,277,26.0,Food Pairing A,Chilled,4.6,381,17.22,12 OZ/0.35L,Beer description
Beer E,Country A,Brand C,Category C,Type B,Note B,9.0,45,129,5.0,Food Pairing A,Room temperature,4.5,165,11.41,12 OZ/0.35L,Beer description
Beer B,Country A,Brand C,Category A,Type B,Note C,8.0,92,272,27.0,Food Pairing A,Cold,2.5,93,6.57,12 OZ/0.35L,Beer description
Beer E,Country C,Brand B,Category A,Type A,Note B,11.0,62,108,22.0,Food Pairing B,Cold,2.6,194,17.48,12 OZ/0.35L,Beer description
Beer C,Country A,Brand A,Category C,Type C,Note A,10.0,64,253,1.0,Food Pairing A,Chilled,3.1,340,15.12,12 OZ/0.35L,Beer description
Beer E,Country A,Brand B,Category B,Type C,Note B,8.0,36,277,21.0,Food Pairing C,Chilled,2.9,52,4.61,12 OZ/0.35L,Beer description
Beer B,Country C,Brand A,Category A,Type B,Note A,6.0,9,273,17.0,Food Pairing C,Cold,1.6,103,17.22,12 OZ/0.35L,Beer description
Beer B,Country B,Brand B,Category C,Type B,Note B,4.0,73,260,10.0,Food Pairing B,Chilled,2.6,396,4.96,12 OZ/0.35L,Beer description
Beer C,Country A,Brand A,Category A,Type B,Note B,11.0,60,183,21.0,Food Pairing A,Chilled,2.7,219,19.17,12 OZ/0.35L,Beer description
Beer A,Country A,Brand B,Category C,Type C,Note C,6.0,18,194,22.0,Food Pairing A,Chilled,3.5,196,1.11,12 OZ/0.35L,Beer description
Beer A,Country C,Brand C,Category B,Type A,Note A,5.0,27,251,20.0,Food Pairing B,Room temperature,1.8,138,2.67,12 OZ/0.35L,Beer description
Beer D,Country B,Brand A,Category A,Type A,Note A,10.0,0,261,8.0,Food Pairing C,Chilled,2.5,477,5.49,12 OZ/0.35L,Beer description
Beer C,Country B,Brand C,Category C,Type B,Note C,6.0,72,198,20.0,Food Pairing A,Chilled,1.4,34,18.07,12 OZ/0.35L,Beer description
Beer E,Country A,Brand B,Category A,Type A,Note A,6.0,6,276,13.0,Food Pairing C,Cold,4.6,427,12.76,12 OZ/0.35L,Beer description
Beer D,Country C,Brand C,Category B,Type C,Note A,5.0,50,166,9.0,Food Pairing B,Room temperature,3.8,70,14.91,12 OZ/0.35L,Beer description
Beer C,Country B,Brand B,Category B,Type C,Note B,4.0,72,258,2.0,Food Pairing C,Chilled,4.7,494,17.19,12 OZ/0.35L,Beer description
Beer A,Country B,Brand B,Category A,Type C,Note C,6.0,26,184,9.0,Food Pairing C,Room temperature,4.2,208,13.36,12 OZ/0.35L,Beer description
Beer A,Country C,Brand C,Category B,Type B,Note C,5.0,75,180,22.0,Food Pairing A,Chilled,1.4,177,7.65,12 OZ/0.35L,Beer description
Beer D,Country B,Brand A,Category A,Type C,Note B,5.0,68,285,22.0,Food Pairing C,Chilled,2.6,385,4.11,12 OZ/0.35L,Beer description
Beer A,Country C,Brand B,Category A,Type B,Note C,5.0,82,223,18.0,Food Pairing B,Room temperature,3.9,286,1.09,12 OZ/0.35L,Beer description
Beer E,Country B,Brand A,Category A,Type B,Note C,3.0,44,288,28.0,Food Pairing B,Chilled,4.7,261,1.44,12 OZ/0.35L,Beer description
Beer A,Country B,Brand A,Category A,Type B,Note A,11.0,53,243,2.0,Food Pairing C,Room temperature,3.2,325,7.79,12 OZ/0.35L,Beer description
Beer E,Country C,Brand A,Category A,Type A,Note A,10.0,33,170,0.0,Food Pairing C,Chilled,1.7,165,14.38,12 OZ/0.35L,Beer description
Beer E,Country B,Brand A,Category C,Type C,Note B,10.0,26,153,25.0,Food Pairing B,Chilled,4.8,487,7.65,12 OZ/0.35L,Beer description
Beer E,Country C,Brand C,Category B,Type A,Note B,9.0,87,132,14.0,Food Pairing B,Cold,3.1,313,8.18,12 OZ/0.35L,Beer description
Beer B,Country A,Brand C,Category A,Type C,Note C,4.0,36,292,14.0,Food Pairing C,Cold,5.0,251,15.92,12 OZ/0.35L,Beer description
Beer B,Country C,Brand B,Category C,Type C,Note A,5.0,18,184,8.0,Food Pairing C,Room temperature,2.7,354,8.86,12 OZ/0.35L,Beer description
Beer D,Country A,Brand B,Category A,Type B,Note C,4.0,67,205,4.0,Food Pairing C,Chilled,1.8,283,3.7,12 OZ/0.35L,Beer description
Beer E,Country C,Brand A,Category B,Type B,Note B,3.0,82,127,21.0,Food Pairing C,Room temperature,1.2,440,19.81,12 OZ/0.35L,Beer description
Beer E,Country C,Brand B,Category A,Type A,Note C,5.0,45,148,4.0,Food Pairing C,Room temperature,4.3,170,16.73,12 OZ/0.35L,Beer description
Beer E,Country A,Brand B,Category C,Type A,Note C,6.0,51,156,0.0,Food Pairing B,Chilled,4.0,59,7.73,12 OZ/0.35L,Beer description
Beer A,Country A,Brand A,Category C,Type B,Note C,12.0,81,222,2.0,Food Pairing A,Cold,3.5,439,11.84,12 OZ/0.35L,Beer description
Beer A,Country A,Brand C,Category A,Type B,Note B,4.0,83,213,11.0,Food Pairing C,Chilled,3.3,183,19.18,12 OZ/0.35L,Beer description
Beer D,Country C,Brand B,Category B,Type A,Note B,4.0,33,117,11.0,Food Pairing B,Chilled,4.1,469,7.53,12 OZ/0.35L,Beer description
Beer B,Country C,Brand B,Category A,Type C,Note B,3.0,23,288,17.0,Food Pairing B,Chilled,2.9,78,1.01,12 OZ/0.35L,Beer description
Beer D,Country B,Brand A,Category A,Type C,Note B,12.0,33,240,1.0,Food Pairing A,Room temperature,3.4,243,7.02,12 OZ/0.35L,Beer description
Beer E,Country A,Brand C,Category B,Type C,Note C,4.0,65,296,8.0,Food Pairing B,Chilled,1.1,231,14.37,12 OZ/0.35L,Beer description
Beer B,Country B,Brand C,Category B,Type C,Note A,6.0,34,192,27.0,Food Pairing C,Room temperature,3.4,33,5.04,12 OZ/0.35L,Beer description
Beer C,Country C,Brand A,Category B,Type B,Note C,10.0,72,268,13.0,Food Pairing A,Room temperature,3.4,23,16.73,12 OZ/0.35L,Beer description
Beer D,Country A,Brand A,Category A,Type A,Note C,9.0,60,132,24.0,Food Pairing C,Cold,4.5,492,7.68,12 OZ/0.35L,Beer description
Beer B,Country B,Brand C,Category C,Type C,Note B,4.0,2,117,15.0,Food Pairing C,Chilled,1.7,432,3.82,12 OZ/0.35L,Beer description
Beer A,Country A,Brand B,Category C,Type C,Note C,9.0,90,158,24.0,Food Pairing B,Chilled,1.5,400,18.11,12 OZ/0.35L,Beer description
Beer E,Country B,Brand B,Category B,Type B,Note B,11.0,64,264,6.0,Food Pairing B,Chilled,2.4,80,18.23,12 OZ/0.35L,Beer description
Beer D,Country A,Brand A,Category B,Type B,Note C,8.0,11,141,9.0,Food Pairing A,Cold,2.7,456,7.25,12 OZ/0.35L,Beer description
Beer B,Country B,Brand A,Category A,Type B,Note C,5.0,73,198,13.0,Food Pairing C,Room temperature,3.9,323,12.18,12 OZ/0.35L,Beer description
Beer D,Country A,Brand B,Category B,Type C,Note C,6.0,30,171,17.0,Food Pairing B,Chilled,2.8,471,18.52,12 OZ/0.35L,Beer description
Beer C,Country B,Brand A,Category C,Type B,Note C,12.0,22,141,5.0,Food Pairing A,Room temperature,3.0,200,2.1,12 OZ/0.35L,Beer description
Beer B,Country C,Brand A,Category B,Type C,Note A,4.0,71,171,28.0,Food Pairing C,Chilled,1.6,70,12.15,12 OZ/0.35L,Beer description
Beer C,Country B,Brand A,Category A,Type A,Note B,11.0,10,234,11.0,Food Pairing A,Room temperature,4.8,271,17.94,12 OZ/0.35L,Beer description
Beer C,Country B,Brand C,Category B,Type B,Note C,11.0,99,199,0.0,Food Pairing A,Cold,2.9,40,2.85,12 OZ/0.35L,Beer description
Beer E,Country A,Brand C,Category A,Type A,Note C,7.0,77,263,21.0,Food Pairing A,Cold,3.4,73,1.46,12 OZ/0.35L,Beer description
Beer B,Country C,Brand A,Category B,Type A,Note B,11.0,97,206,26.0,Food Pairing C,Chilled,3.6,408,10.76,12 OZ/0.35L,Beer description
Beer E,Country A,Brand A,Category A,Type A,Note C,7.0,73,140,25.0,Food Pairing A,Chilled,4.4,428,6.49,12 OZ/0.35L,Beer description
Beer E,Country A,Brand B,Category A,Type A,Note A,7.0,75,181,15.0,Food Pairing B,Chilled,2.0,97,7.62,12 OZ/0.35L,Beer description
Beer D,Country C,Brand C,Category C,Type A,Note B,10.0,65,262,27.0,Food Pairing A,Chilled,4.1,62,10.81,12 OZ/0.35L,Beer description
Beer D,Country C,Brand C,Category C,Type B,Note B,7.0,61,209,25.0,Food Pairing A,Cold,3.6,19,12.93,12 OZ/0.35L,Beer description
Beer A,Country B,Brand B,Category C,Type B,Note B,6.0,31,213,29.0,Food Pairing B,Chilled,1.7,72,8.66,12 OZ/0.35L,Beer description
Beer B,Country A,Brand B,Category A,Type C,Note A,11.0,6,277,14.0,Food Pairing C,Chilled,1.1,147,6.67,12 OZ/0.35L,Beer description
Beer E,Country B,Brand B,Category A,Type A,Note A,11.0,53,202,2.0,Food Pairing A,Room temperature,2.9,310,9.83,12 OZ/0.35L,Beer description
Beer E,Country C,Brand A,Category B,Type A,Note C,4.0,98,153,26.0,Food Pairing C,Room temperature,2.4,309,1.02,12 OZ/0.35L,Beer description
Beer C,Country A,Brand A,Category B,Type A,Note B,9.0,85,262,1.0,Food Pairing B,Room temperature,2.1,427,9.23,12 OZ/0.35L,Beer description
Beer B,Country A,Brand C,Category A,Type A,Note B,9.0,8,227,14.0,Food Pairing A,Chilled,3.2,352,14.48,12 OZ/0.35L,Beer description
Beer C,Country C,Brand C,Category A,Type C,Note B,10.0,12,237,18.0,Food Pairing A,Chilled,1.0,376,15.12,12 OZ/0.35L,Beer description
Beer A,Country B,Brand A,Category B,Type C,Note C,4.0,99,221,18.0,Food Pairing C,Cold,3.9,179,14.74,12 OZ/0.35L,Beer description
Beer A,Country A,Brand B,Category C,Type C,Note A,8.0,41,296,10.0,Food Pairing C,Room temperature,3.5,423,13.69,12 OZ/0.35L,Beer description
Beer A,Country B,Brand B,Category C,Type A,Note A,3.0,68,263,22.0,Food Pairing C,Cold,2.8,334,18.85,12 OZ/0.35L,Beer description
Beer A,Country C,Brand A,Category B,Type A,Note C,6.0,96,202,26.0,Food Pairing A,Chilled,4.4,122,2.74,12 OZ/0.35L,Beer description
Beer C,Country A,Brand C,Category B,Type B,Note C,10.0,84,232,13.0,Food Pairing C,Chilled,2.8,155,10.86,12 OZ/0.35L,Beer description
Beer E,Country B,Brand A,Category C,Type A,Note A,11.0,83,269,1.0,Food Pairing B,Room temperature,4.6,475,1.85,12 OZ/0.35L,Beer description
Beer D,Country C,Brand C,Category A,Type A,Note B,7.0,33,240,23.0,Food Pairing C,Chilled,5.0,47,12.5,12 OZ/0.35L,Beer description
Beer C,Country A,Brand B,Category B,Type C,Note A,7.0,56,244,1.0,Food Pairing B,Room temperature,1.4,66,8.59,12 OZ/0.35L,Beer description
Beer A,Country A,Brand B,Category C,Type C,Note C,6.0,6,105,27.0,Food Pairing C,Chilled,1.9,88,3.84,12 OZ/0.35L,Beer description
Beer E,Country A,Brand B,Category C,Type A,Note C,5.0,42,273,6.0,Food Pairing C,Cold,4.1,488,5.05,12 OZ/0.35L,Beer description
Beer E,Country B,Brand C,Category B,Type A,Note A,3.0,71,124,17.0,Food Pairing A,Chilled,2.6,197,2.25,12 OZ/0.35L,Beer description
Beer D,Country B,Brand A,Category B,Type A,Note B,6.0,65,234,25.0,Food Pairing A,Room temperature,4.5,348,17.51,12 OZ/0.35L,Beer description
Beer A,Country A,Brand C,Category A,Type B,Note B,6.0,18,215,19.0,Food Pairing B,Cold,1.7,402,3.98,12 OZ/0.35L,Beer description
Beer D,Country B,Brand B,Category C,Type C,Note C,3.0,94,123,12.0,Food Pairing A,Room temperature,1.6,349,5.94,12 OZ/0.35L,Beer description
Beer D,Country C,Brand B,Category A,Type A,Note A,9.0,15,168,12.0,Food Pairing A,Chilled,3.6,160,4.98,12 OZ/0.35L,Beer description
Beer B,Country B,Brand C,Category A,Type B,Note B,6.0,89,178,1.0,Food Pairing A,Chilled,3.5,296,2.95,12 OZ/0.35L,Beer description
Beer C,Country B,Brand C,Category C,Type A,Note B,4.0,53,225,23.0,Food Pairing C,Cold,1.2,73,5.38,12 OZ/0.35L,Beer description
Beer E,Country C,Brand B,Category B,Type A,Note C,7.0,48,224,28.0,Food Pairing A,Cold,1.1,357,5.07,12 OZ/0.35L,Beer description
Beer B,Country B,Brand A,Category C,Type A,Note B,9.0,12,171,27.0,Food Pairing B,Chilled,2.7,39,18.63,12 OZ/0.35L,Beer description
Beer E,Country A,Brand B,Category B,Type C,Note C,6.0,42,149,24.0,Food Pairing A,Chilled,2.1,21,15.45,12 OZ/0.35L,Beer description
Beer C,Country C,Brand B,Category A,Type B,Note B,9.0,16,142,4.0,Food Pairing B,Room temperature,1.6,292,9.67,12 OZ/0.35L,Beer description
Beer B,Country C,Brand C,Category B,Type C,Note B,12.0,4,172,8.0,Food Pairing B,Room temperature,4.5,14,16.74,12 OZ/0.35L,Beer description
Beer D,Country B,Brand B,Category B,Type B,Note A,4.0,34,268,27.0,Food Pairing C,Room temperature,3.1,202,15.12,12 OZ/0.35L,Beer description
Beer B,Country C,Brand A,Category C,Type C,Note B,12.0,39,130,29.0,Food Pairing A,Room temperature,3.1,66,6.44,12 OZ/0.35L,Beer description
Beer B,Country B,Brand B,Category B,Type C,Note B,6.0,56,197,16.0,Food Pairing B,Cold,4.2,164,6.98,12 OZ/0.35L,Beer description
Beer D,Country B,Brand A,Category B,Type A,Note B,9.0,81,212,10.0,Food Pairing C,Cold,1.2,360,4.25,12 OZ/0.35L,Beer description
Beer D,Country A,Brand C,Category C,Type A,Note B,11.0,8,288,26.0,Food Pairing C,Chilled,2.7,184,10.48,12 OZ/0.35L,Beer description
Beer E,Country A,Brand B,Category A,Type B,Note A,5.0,76,197,6.0,Food Pairing C,Cold,4.8,364,15.67,12 OZ/0.35L,Beer description
Beer C,Country A,Brand A,Category B,Type C,Note C,10.0,57,265,14.0,Food Pairing B,Chilled,3.8,427,13.62,12 OZ/0.35L,Beer description
Beer D,Country A,Brand B,Category A,Type B,Note B,5.0,88,290,1.0,Food Pairing A,Room temperature,3.3,332,16.81,12 OZ/0.35L,Beer description
Beer E,Country C,Brand A,Category A,Type A,Note C,5.0,63,188,15.0,Food Pairing B,Chilled,4.0,418,19.73,12 OZ/0.35L,Beer description
Beer A,Country B,Brand B,Category A,Type C,Note C,9.0,28,296,3.0,Food Pairing B,Cold,1.7,344,13.88,12 OZ/0.35L,Beer description
Beer A,Country C,Brand B,Category B,Type B,Note B,9.0,29,163,19.0,Food Pairing A,Chilled,1.7,61,19.55,12 OZ/0.35L,Beer description
Beer B,Country B,Brand C,Category C,Type B,Note B,3.0,56,235,11.0,Food Pairing B,Cold,4.5,397,11.38,12 OZ/0.35L,Beer description
Beer C,Country A,Brand A,Category C,Type A,Note B,10.0,11,292,4.0,Food Pairing A,Chilled,2.8,490,12.75,12 OZ/0.35L,Beer description
Beer A,Country B,Brand C,Category C,Type C,Note B,8.0,37,280,24.0,Food Pairing B,Room temperature,3.3,337,1.69,12 OZ/0.35L,Beer description
Beer E,Country B,Brand A,Category A,Type B,Note B,4.0,82,178,10.0,Food Pairing B,Chilled,5.0,284,19.17,12 OZ/0.35L,Beer description
Beer C,Country C,Brand A,Category A,Type B,Note A,8.0,28,123,1.0,Food Pairing A,Cold,2.4,449,4.95,12 OZ/0.35L,Beer description
Beer A,Country C,Brand C,Category B,Type C,Note A,5.0,70,200,8.0,Food Pairing A,Cold,2.1,171,4.92,12 OZ/0.35L,Beer description
Beer A,Country A,Brand C,Category A,Type A,Note B,7.0,7,288,20.0,Food Pairing B,Room temperature,1.7,424,11.89,12 OZ/0.35L,Beer description
Beer D,Country B,Brand C,Category A,Type C,Note A,9.0,87,194,3.0,Food Pairing B,Chilled,4.1,488,14.08,12 OZ/0.35L,Beer description
Beer E,Country A,Brand A,Category B,Type A,Note B,3.0,45,268,12.0,Food Pairing A,Room temperature,4.0,213,15.34,12 OZ/0.35L,Beer description
Beer E,Country C,Brand C,Category B,Type A,Note B,6.0,10,138,25.0,Food Pairing A,Cold,4.8,152,11.45,12 OZ/0.35L,Beer description
Beer D,Country A,Brand A,Category C,Type C,Note B,7.0,17,259,19.0,Food Pairing A,Room temperature,4.3,255,19.87,12 OZ/0.35L,Beer description
Beer B,Country C,Brand C,Category B,Type A,Note B,6.0,87,213,4.0,Food Pairing B,Cold,4.6,171,3.92,12 OZ/0.35L,Beer description
Beer B,Country B,Brand A,Category A,Type A,Note C,11.0,57,176,7.0,Food Pairing C,Chilled,1.2,413,12.95,12 OZ/0.35L,Beer description
Beer B,Country C,Brand B,Category B,Type C,Note C,3.0,62,140,11.0,Food Pairing C,Cold,4.5,146,1.01,12 OZ/0.35L,Beer description
Beer E,Country B,Brand C,Category B,Type B,Note A,8.0,35,247,30.0,Food Pairing B,Room temperature,4.9,198,8.71,12 OZ/0.35L,Beer description
Beer A,Country C,Brand C,Category B,Type B,Note B,6.0,98,181,11.0,Food Pairing C,Room temperature,1.2,224,15.77,12 OZ/0.35L,Beer description
Beer E,Country B,Brand A,Category C,Type B,Note C,9.0,79,278,21.0,Food Pairing B,Room temperature,4.9,457,19.93,12 OZ/0.35L,Beer description
Beer A,Country A,Brand A,Category C,Type A,Note C,11.0,79,236,20.0,Food Pairing C,Room temperature,1.6,355,7.9,12 OZ/0.35L,Beer description
Beer E,Country C,Brand A,Category C,Type B,Note C,10.0,0,282,26.0,Food Pairing B,Chilled,4.6,382,6.72,12 OZ/0.35L,Beer description
Beer E,Country C,Brand C,Category B,Type C,Note A,7.0,9,205,1.0,Food Pairing B,Room temperature,2.6,345,5.82,12 OZ/0.35L,Beer description
Beer B,Country A,Brand B,Category C,Type C,Note C,12.0,95,298,17.0,Food Pairing A,Room temperature,1.0,16,3.96,12 OZ/0.35L,Beer description
Beer B,Country A,Brand B,Category A,Type A,Note A,7.0,90,218,18.0,Food Pairing A,Cold,1.8,155,8.32,12 OZ/0.35L,Beer description
Beer B,Country A,Brand C,Category C,Type A,Note B,6.0,49,142,4.0,Food Pairing A,Room temperature,3.4,134,8.55,12 OZ/0.35L,Beer description
Beer A,Country C,Brand A,Category B,Type B,Note B,7.0,52,182,27.0,Food Pairing B,Cold,3.5,183,12.97,12 OZ/0.35L,Beer description
Beer E,Country A,Brand B,Category C,Type A,Note B,5.0,86,207,0.0,Food Pairing B,Chilled,1.2,191,14.31,12 OZ/0.35L,Beer description
Beer D,Country B,Brand B,Category B,Type A,Note B,9.0,69,105,18.0,Food Pairing C,Room temperature,4.7,94,6.76,12 OZ/0.35L,Beer description
Beer C,Country A,Brand B,Category B,Type C,Note C,5.0,86,250,14.0,Food Pairing A,Room temperature,2.9,61,5.1,12 OZ/0.35L,Beer description
Beer C,Country C,Brand A,Category B,Type C,Note C,10.0,20,221,10.0,Food Pairing C,Cold,2.2,237,14.12,12 OZ/0.35L,Beer description
Beer B,Country A,Brand B,Category A,Type C,Note B,5.0,29,129,7.0,Food Pairing A,Room temperature,3.6,489,5.96,12 OZ/0.35L,Beer description
Beer A,Country B,Brand C,Category C,Type C,Note B,7.0,38,215,21.0,Food Pairing C,Cold,4.3,435,18.6,12 OZ/0.35L,Beer description
Beer C,Country A,Brand A,Category C,Type C,Note A,10.0,75,234,9.0,Food Pairing A,Room temperature,3.0,354,11.51,12 OZ/0.35L,Beer description
Beer A,Country C,Brand A,Category A,Type B,Note C,7.0,53,137,24.0,Food Pairing C,Chilled,1.6,164,3.71,12 OZ/0.35L,Beer description
Beer E,Country C,Brand B,Category C,Type B,Note C,9.0,86,102,27.0,Food Pairing B,Cold,2.3,499,12.06,12 OZ/0.35L,Beer description
Beer E,Country A,Brand B,Category A,Type B,Note A,6.0,1,176,27.0,Food Pairing C,Room temperature,3.7,74,16.79,12 OZ/0.35L,Beer description
Beer E,Country A,Brand B,Category C,Type C,Note A,10.0,76,110,5.0,Food Pairing B,Cold,3.6,361,7.69,12 OZ/0.35L,Beer description
Beer A,Country C,Brand C,Category C,Type A,Note C,10.0,53,119,15.0,Food Pairing B,Room temperature,3.2,193,8.7,12 OZ/0.35L,Beer description
Beer C,Country A,Brand A,Category C,Type A,Note C,12.0,0,157,8.0,Food Pairing C,Chilled,2.1,337,8.52,12 OZ/0.35L,Beer description
Beer D,Country B,Brand B,Category C,Type B,Note B,4.0,32,230,30.0,Food Pairing A,Cold,2.3,10,11.51,12 OZ/0.35L,Beer description
Beer D,Country A,Brand B,Category B,Type A,Note A,5.0,76,203,26.0,Food Pairing B,Room temperature,2.5,73,9.78,12 OZ/0.35L,Beer description
Beer A,Country A,Brand B,Category C,Type A,Note C,8.0,57,229,6.0,Food Pairing A,Cold,4.3,128,19.87,12 OZ/0.35L,Beer description
Beer A,Country A,Brand C,Category B,Type A,Note C,7.0,56,200,9.0,Food Pairing A,Room temperature,3.2,224,3.07,12 OZ/0.35L,Beer description
Beer D,Country C,Brand B,Category A,Type C,Note B,7.0,38,167,4.0,Food Pairing C,Room temperature,2.2,14,10.99,12 OZ/0.35L,Beer description
Beer C,Country C,Brand A,Category C,Type B,Note B,6.0,25,224,29.0,Food Pairing A,Cold,4.7,43,12.87,12 OZ/0.35L,Beer description
Beer A,Country B,Brand C,Category A,Type A,Note B,6.0,20,198,25.0,Food Pairing A,Cold,4.2,123,9.07,12 OZ/0.35L,Beer description
Beer D,Country A,Brand C,Category A,Type A,Note B,11.0,2,120,15.0,Food Pairing B,Room temperature,3.6,320,5.09,12 OZ/0.35L,Beer description
Beer A,Country C,Brand A,Category C,Type C,Note B,9.0,6,191,12.0,Food Pairing B,Room temperature,4.7,187,3.52,12 OZ/0.35L,Beer description
Beer B,Country B,Brand B,Category B,Type A,Note A,7.0,91,246,7.0,Food Pairing B,Room temperature,2.9,328,1.5,12 OZ/0.35L,Beer description
Beer E,Country A,Brand B,Category C,Type B,Note B,10.0,64,156,13.0,Food Pairing A,Cold,1.1,245,4.57,12 OZ/0.35L,Beer description
Beer D,Country A,Brand C,Category C,Type A,Note C,10.0,60,296,17.0,Food Pairing B,Cold,3.3,125,17.43,12 OZ/0.35L,Beer description
Beer D,Country B,Brand C,Category A,Type A,Note A,6.0,42,184,24.0,Food Pairing C,Chilled,3.8,181,14.96,12 OZ/0.35L,Beer description
Beer A,Country B,Brand C,Category A,Type C,Note A,5.0,28,283,16.0,Food Pairing A,Chilled,2.5,202,13.88,12 OZ/0.35L,Beer description
Beer A,Country C,Brand A,Category C,Type C,Note A,6.0,84,235,11.0,Food Pairing A,Chilled,2.4,491,10.51,12 OZ/0.35L,Beer description
Beer D,Country B,Brand B,Category B,Type B,Note C,9.0,8,162,26.0,Food Pairing A,Cold,4.1,87,14.32,12 OZ/0.35L,Beer description
Beer C,Country C,Brand B,Category C,Type C,Note B,3.0,31,193,16.0,Food Pairing B,Room temperature,1.9,468,7.83,12 OZ/0.35L,Beer description
Beer D,Country A,Brand B,Category A,Type C,Note C,6.0,68,246,16.0,Food Pairing B,Chilled,1.1,471,16.8,12 OZ/0.35L,Beer description
Beer B,Country B,Brand C,Category A,Type B,Note C,11.0,38,279,13.0,Food Pairing B,Cold,4.8,456,10.99,12 OZ/0.35L,Beer description
Beer A,Country C,Brand B,Category A,Type B,Note A,5.0,46,237,17.0,Food Pairing B,Room temperature,2.0,348,13.55,12 OZ/0.35L,Beer description
Beer A,Country B,Brand C,Category C,Type A,Note C,12.0,45,202,17.0,Food Pairing A,Chilled,2.1,355,2.8,12 OZ/0.35L,Beer description
Beer B,Country C,Brand B,Category B,Type A,Note B,3.0,16,146,19.0,Food Pairing B,Chilled,1.6,287,18.4,12 OZ/0.35L,Beer description
Beer A,Country A,Brand B,Category A,Type A,Note A,6.0,83,224,27.0,Food Pairing A,Room temperature,3.6,321,13.15,12 OZ/0.35L,Beer description
Beer D,Country B,Brand A,Category A,Type A,Note B,4.0,92,286,2.0,Food Pairing A,Room temperature,4.6,189,6.36,12 OZ/0.35L,Beer description
Beer B,Country A,Brand C,Category C,Type A,Note B,12.0,99,191,13.0,Food Pairing A,Room temperature,1.9,412,4.42,12 OZ/0.35L,Beer description
Beer B,Country C,Brand A,Category C,Type B,Note B,10.0,64,185,7.0,Food Pairing C,Room temperature,3.3,290,17.09,12 OZ/0.35L,Beer description
Beer C,Country C,Brand C,Category C,Type A,Note C,8.0,3,243,5.0,Food Pairing C,Cold,4.4,100,6.14,12 OZ/0.35L,Beer description
Beer A,Country A,Brand B,Category C,Type B,Note A,11.0,60,106,14.0,Food Pairing C,Chilled,3.5,39,12.79,12 OZ/0.35L,Beer description
Beer B,Country A,Brand B,Category A,Type C,Note A,6.0,69,134,14.0,Food Pairing A,Room temperature,3.7,217,1.01,12 OZ/0.35L,Beer description
Beer D,Country A,Brand A,Category C,Type C,Note C,8.0,36,197,22.0,Food Pairing A,Cold,2.6,206,17.81,12 OZ/0.35L,Beer description
Beer B,Country B,Brand C,Category B,Type C,Note C,9.0,89,236,11.0,Food Pairing A,Room temperature,1.0,431,12.02,12 OZ/0.35L,Beer description
Beer A,Country B,Brand A,Category C,Type C,Note B,10.0,97,194,17.0,Food Pairing B,Room temperature,2.6,254,7.58,12 OZ/0.35L,Beer description
Beer B,Country A,Brand C,Category B,Type C,Note B,10.0,92,292,16.0,Food Pairing C,Cold,4.1,37,11.39,12 OZ/0.35L,Beer description
Beer C,Country B,Brand B,Category C,Type B,Note C,8.0,8,170,20.0,Food Pairing A,Chilled,4.9,312,16.52,12 OZ/0.35L,Beer description
Beer A,Country B,Brand A,Category C,Type B,Note A,9.0,73,237,13.0,Food Pairing A,Chilled,2.0,175,4.3,12 OZ/0.35L,Beer description
Beer B,Country A,Brand C,Category C,Type A,Note A,5.0,96,219,16.0,Food Pairing C,Cold,2.7,491,4.78,12 OZ/0.35L,Beer description
Beer A,Country C,Brand C,Category B,Type C,Note C,7.0,40,143,6.0,Food Pairing B,Cold,1.9,141,5.51,12 OZ/0.35L,Beer description
Beer A,Country B,Brand A,Category B,Type C,Note A,11.0,21,102,19.0,Food Pairing B,Cold,3.9,202,10.8,12 OZ/0.35L,Beer description
Beer E,Country B,Brand A,Category B,Type A,Note C,11.0,13,264,28.0,Food Pairing C,Chilled,3.7,63,10.57,12 OZ/0.35L,Beer description
Beer B,Country A,Brand C,Category B,Type B,Note A,6.0,43,156,24.0,Food Pairing C,Room temperature,2.1,271,12.39,12 OZ/0.35L,Beer description
Beer A,Country B,Brand B,Category B,Type A,Note C,3.0,32,193,25.0,Food Pairing A,Cold,3.7,78,7.3,12 OZ/0.35L,Beer description
Beer E,Country A,Brand A,Category A,Type A,Note B,7.0,34,297,7.0,Food Pairing B,Cold,2.8,44,18.72,12 OZ/0.35L,Beer description
Beer E,Country C,Brand C,Category C,Type C,Note A,6.0,33,141,18.0,Food Pairing A,Room temperature,3.0,261,15.06,12 OZ/0.35L,Beer description
Beer C,Country C,Brand C,Category B,Type A,Note C,10.0,4,175,13.0,Food Pairing B,Cold,3.2,348,19.13,12 OZ/0.35L,Beer description
Beer C,Country C,Brand C,Category A,Type C,Note B,6.0,67,192,22.0,Food Pairing B,Chilled,1.0,92,13.54,12 OZ/0.35L,Beer description
Beer B,Country C,Brand A,Category A,Type C,Note B,12.0,28,278,17.0,Food Pairing C,Room temperature,1.2,252,5.2,12 OZ/0.35L,Beer description
Beer D,Country A,Brand A,Category C,Type C,Note B,10.0,34,284,1.0,Food Pairing B,Cold,3.0,232,16.44,12 OZ/0.35L,Beer description
Beer B,Country B,Brand B,Category A,Type A,Note C,10.0,98,106,26.0,Food Pairing B,Room temperature,2.3,74,6.84,12 OZ/0.35L,Beer description
Beer C,Country B,Brand C,Category C,Type A,Note B,8.0,65,168,16.0,Food Pairing B,Cold,4.6,397,6.85,12 OZ/0.35L,Beer description
Beer C,Country B,Brand A,Category C,Type B,Note C,7.0,62,167,30.0,Food Pairing B,Cold,3.7,282,3.16,12 OZ/0.35L,Beer description
Beer E,Country B,Brand B,Category A,Type A,Note B,5.0,62,206,20.0,Food Pairing B,Chilled,3.7,461,17.28,12 OZ/0.35L,Beer description
Beer C,Country B,Brand C,Category A,Type A,Note A,11.0,51,284,23.0,Food Pairing C,Cold,2.8,83,17.37,12 OZ/0.35L,Beer description
Beer C,Country B,Brand C,Category C,Type C,Note B,6.0,96,167,11.0,Food Pairing A,Chilled,4.7,53,3.2,12 OZ/0.35L,Beer description
Beer D,Country B,Brand A,Category B,Type B,Note C,9.0,40,145,3.0,Food Pairing A,Cold,3.4,476,19.03,12 OZ/0.35L,Beer description
Beer B,Country B,Brand A,Category B,Type A,Note A,5.0,81,197,5.0,Food Pairing C,Room temperature,1.1,89,14.18,12 OZ/0.35L,Beer description
Beer B,Country C,Brand B,Category A,Type A,Note A,12.0,18,187,7.0,Food Pairing C,Cold,2.3,110,15.67,12 OZ/0.35L,Beer description
Beer C,Country B,Brand A,Category C,Type C,Note A,5.0,19,196,27.0,Food Pairing B,Cold,2.9,461,11.15,12 OZ/0.35L,Beer description
Beer B,Country A,Brand A,Category A,Type B,Note B,6.0,51,272,7.0,Food Pairing C,Cold,2.6,440,12.97,12 OZ/0.35L,Beer description
Beer E,Country B,Brand A,Category B,Type B,Note A,5.0,58,286,29.0,Food Pairing B,Chilled,4.6,129,8.44,12 OZ/0.35L,Beer description
Beer E,Country B,Brand C,Category A,Type A,Note A,8.0,93,230,13.0,Food Pairing A,Chilled,2.9,165,14.05,12 OZ/0.35L,Beer description
Beer D,Country B,Brand B,Category B,Type A,Note C,10.0,68,123,3.0,Food Pairing C,Room temperature,3.2,182,18.19,12 OZ/0.35L,Beer description
Beer C,Country C,Brand C,Category C,Type A,Note A,4.0,85,193,19.0,Food Pairing C,Chilled,2.2,311,19.1,12 OZ/0.35L,Beer description
Beer B,Country A,Brand A,Category C,Type B,Note C,5.0,3,233,22.0,Food Pairing B,Chilled,4.6,173,18.91,12 OZ/0.35L,Beer description
Beer A,Country A,Brand B,Category C,Type B,Note C,9.0,8,252,20.0,Food Pairing B,Cold,4.7,205,2.39,12 OZ/0.35L,Beer description
Beer B,Country A,Brand B,Category B,Type A,Note B,11.0,6,135,26.0,Food Pairing C,Room temperature,2.6,376,3.97,12 OZ/0.35L,Beer description
Beer C,Country A,Brand A,Category B,Type C,Note C,5.0,3,212,19.0,Food Pairing A,Chilled,3.8,56,9.9,12 OZ/0.35L,Beer description
Beer E,Country A,Brand B,Category C,Type B,Note C,10.0,28,165,28.0,Food Pairing B,Room temperature,2.6,408,4.44,12 OZ/0.35L,Beer description
Beer A,Country B,Brand B,Category B,Type C,Note B,7.0,81,221,1.0,Food Pairing A,Room temperature,2.1,218,17.38,12 OZ/0.35L,Beer description
Beer C,Country B,Brand C,Category B,Type B,Note C,11.0,45,244,29.0,Food Pairing C,Chilled,2.5,109,11.79,12 OZ/0.35L,Beer description
Beer A,Country A,Brand B,Category B,Type A,Note C,11.0,60,147,0.0,Food Pairing B,Cold,3.1,199,7.35,12 OZ/0.35L,Beer description
Beer B,Country A,Brand B,Category B,Type B,Note B,4.0,12,245,22.0,Food Pairing C,Cold,2.3,50,14.04,12 OZ/0.35L,Beer description
Beer B,Country B,Brand A,Category C,Type C,Note C,11.0,65,296,19.0,Food Pairing A,Cold,3.7,384,6.26,12 OZ/0.35L,Beer description
Beer E,Country B,Brand A,Category C,Type A,Note B,9.0,45,198,1.0,Food Pairing C,Room temperature,3.9,273,11.6,12 OZ/0.35L,Beer description
Beer C,Country B,Brand A,Category C,Type A,Note B,3.0,8,209,25.0,Food Pairing B,Room temperature,2.8,252,19.02,12 OZ/0.35L,Beer description
Beer A,Country B,Brand C,Category B,Type B,Note A,7.0,1,282,1.0,Food Pairing B,Chilled,1.8,445,19.41,12 OZ/0.35L,Beer description
Beer E,Country C,Brand C,Category C,Type C,Note C,3.0,23,292,9.0,Food Pairing A,Cold,2.4,105,2.19,12 OZ/0.35L,Beer description
Beer A,Country A,Brand B,Category B,Type B,Note C,9.0,42,295,26.0,Food Pairing B,Chilled,4.9,368,2.75,12 OZ/0.35L,Beer description
Beer A,Country A,Brand B,Category B,Type C,Note B,7.0,55,189,19.0,Food Pairing C,Cold,2.4,224,12.71,12 OZ/0.35L,Beer description
Beer A,Country B,Brand C,Category A,Type A,Note A,9.0,86,118,24.0,Food Pairing A,Chilled,4.3,342,18.37,12 OZ/0.35L,Beer description
Beer E,Country A,Brand C,Category B,Type B,Note A,9.0,66,268,28.0,Food Pairing A,Room temperature,1.7,77,19.51,12 OZ/0.35L,Beer description
Beer B,Country A,Brand A,Category A,Type A,Note A,6.0,14,159,30.0,Food Pairing C,Cold,3.5,190,10.02,12 OZ/0.35L,Beer description
Beer B,Country B,Brand A,Category C,Type C,Note A,9.0,51,168,15.0,Food Pairing A,Room temperature,2.7,163,16.13,12 OZ/0.35L,Beer description
Beer D,Country A,Brand C,Category B,Type C,Note C,11.0,23,221,5.0,Food Pairing A,Cold,2.7,74,4.78,12 OZ/0.35L,Beer description
Beer D,Country C,Brand B,Category C,Type B,Note B,10.0,87,164,12.0,Food Pairing B,Chilled,4.4,130,10.53,12 OZ/0.35L,Beer description
Beer C,Country B,Brand B,Category A,Type C,Note A,4.0,39,196,17.0,Food Pairing B,Chilled,3.7,223,13.63,12 OZ/0.35L,Beer description
Beer D,Country C,Brand A,Category B,Type C,Note B,9.0,61,227,11.0,Food Pairing A,Chilled,2.0,153,14.46,12 OZ/0.35L,Beer description
Beer D,Country B,Brand B,Category A,Type A,Note A,5.0,83,116,4.0,Food Pairing B,Room temperature,1.9,307,16.98,12 OZ/0.35L,Beer description
Beer A,Country C,Brand C,Category A,Type B,Note C,9.0,57,169,28.0,Food Pairing B,Chilled,4.9,465,1.04,12 OZ/0.35L,Beer description
Beer D,Country C,Brand A,Category C,Type C,Note B,10.0,38,253,11.0,Food Pairing B,Cold,1.9,210,4.03,12 OZ/0.35L,Beer description
Beer E,Country C,Brand A,Category C,Type B,Note B,6.0,59,114,25.0,Food Pairing C,Chilled,2.8,453,6.76,12 OZ/0.35L,Beer description
Beer E,Country A,Brand A,Category C,Type B,Note B,5.0,7,223,17.0,Food Pairing C,Room temperature,2.6,429,6.49,12 OZ/0.35L,Beer description
Beer D,Country C,Brand B,Category B,Type C,Note A,12.0,98,267,7.0,Food Pairing B,Room temperature,1.8,181,1.24,12 OZ/0.35L,Beer description
Beer A,Country B,Brand B,Category C,Type A,Note C,4.0,28,297,21.0,Food Pairing A,Cold,4.0,34,16.08,12 OZ/0.35L,Beer description
Beer C,Country B,Brand C,Category A,Type C,Note A,11.0,84,293,14.0,Food Pairing C,Chilled,1.0,164,13.87,12 OZ/0.35L,Beer description
Beer A,Country B,Brand C,Category C,Type B,Note B,10.0,69,198,11.0,Food Pairing B,Chilled,4.1,301,8.48,12 OZ/0.35L,Beer description
Beer C,Country B,Brand C,Category C,Type C,Note B,9.0,46,296,18.0,Food Pairing A,Room temperature,4.6,435,15.34,12 OZ/0.35L,Beer description
Beer C,Country B,Brand B,Category B,Type A,Note C,8.0,44,255,27.0,Food Pairing C,Room temperature,4.8,352,11.73,12 OZ/0.35L,Beer description
Beer A,Country B,Brand B,Category B,Type A,Note B,3.0,11,224,28.0,Food Pairing C,Chilled,4.1,203,10.34,12 OZ/0.35L,Beer description
Beer E,Country A,Brand C,Category C,Type B,Note B,4.0,38,272,16.0,Food Pairing C,Chilled,4.8,247,9.51,12 OZ/0.35L,Beer description
Beer B,Country A,Brand C,Category C,Type A,Note A,7.0,73,295,29.0,Food Pairing C,Cold,1.7,232,14.34,12 OZ/0.35L,Beer description
Beer B,Country A,Brand A,Category A,Type C,Note C,10.0,67,126,10.0,Food Pairing A,Cold,4.2,369,12.83,12 OZ/0.35L,Beer description
Beer A,Country C,Brand C,Category A,Type B,Note B,3.0,21,115,16.0,Food Pairing C,Chilled,4.8,147,15.54,12 OZ/0.35L,Beer description
Beer D,Country C,Brand B,Category A,Type A,Note C,4.0,22,128,3.0,Food Pairing B,Cold,2.9,345,14.81,12 OZ/0.35L,Beer description
Beer C,Country C,Brand C,Category C,Type A,Note B,7.0,83,243,4.0,Food Pairing B,Chilled,4.2,432,19.49,12 OZ/0.35L,Beer description
Beer D,Country A,Brand C,Category A,Type C,Note C,11.0,78,251,29.0,Food Pairing A,Room temperature,4.1,395,6.27,12 OZ/0.35L,Beer description
Beer C,Country A,Brand C,Category C,Type C,Note A,4.0,11,178,1.0,Food Pairing B,Cold,1.1,191,4.97,12 OZ/0.35L,Beer description
Beer C,Country C,Brand A,Category B,Type C,Note B,12.0,39,200,14.0,Food Pairing B,Cold,2.8,291,14.18,12 OZ/0.35L,Beer description
Beer C,Country C,Brand A,Category C,Type B,Note C,9.0,69,290,4.0,Food Pairing B,Cold,4.0,247,13.16,12 OZ/0.35L,Beer description
Beer C,Country A,Brand B,Category A,Type A,Note C,10.0,35,177,21.0,Food Pairing A,Cold,4.3,47,8.46,12 OZ/0.35L,Beer description
Beer E,Country C,Brand A,Category C,Type A,Note C,8.0,71,185,10.0,Food Pairing C,Cold,4.6,373,13.86,12 OZ/0.35L,Beer description
Beer C,Country C,Brand C,Category B,Type A,Note C,7.0,35,272,22.0,Food Pairing A,Chilled,1.6,37,1.76,12 OZ/0.35L,Beer description
Beer C,Country C,Brand C,Category B,Type A,Note C,4.0,11,260,13.0,Food Pairing C,Cold,2.5,294,2.19,12 OZ/0.35L,Beer description
Beer E,Country C,Brand B,Category C,Type A,Note C,8.0,19,296,17.0,Food Pairing B,Chilled,3.8,33,2.15,12 OZ/0.35L,Beer description
Beer A,Country B,Brand A,Category B,Type A,Note A,6.0,27,140,13.0,Food Pairing C,Cold,1.8,57,5.78,12 OZ/0.35L,Beer description
Beer D,Country A,Brand B,Category A,Type A,Note A,3.0,18,155,23.0,Food Pairing C,Chilled,4.9,16,2.11,12 OZ/0.35L,Beer description
Beer E,Country C,Brand A,Category C,Type A,Note C,11.0,57,232,20.0,Food Pairing C,Chilled,1.9,209,4.09,12 OZ/0.35L,Beer description
Beer D,Country B,Brand A,Category A,Type A,Note A,8.0,82,122,16.0,Food Pairing A,Chilled,1.7,471,19.03,12 OZ/0.35L,Beer description
Beer C,Country C,Brand C,Category B,Type B,Note A,5.0,20,122,29.0,Food Pairing C,Room temperature,3.5,225,8.89,12 OZ/0.35L,Beer description
Beer C,Country B,Brand B,Category A,Type C,Note C,11.0,39,264,1.0,Food Pairing B,Cold,2.4,80,8.73,12 OZ/0.35L,Beer description
Beer B,Country B,Brand B,Category A,Type C,Note A,6.0,18,172,23.0,Food Pairing A,Chilled,3.4,490,16.75,12 OZ/0.35L,Beer description
Beer D,Country C,Brand A,Category A,Type B,Note B,4.0,7,232,17.0,Food Pairing A,Cold,2.7,47,13.42,12 OZ/0.35L,Beer description
Beer D,Country B,Brand C,Category B,Type B,Note B,3.0,66,150,1.0,Food Pairing C,Chilled,4.5,440,2.82,12 OZ/0.35L,Beer description
Beer A,Country A,Brand B,Category C,Type A,Note C,10.0,28,112,14.0,Food Pairing C,Room temperature,1.0,400,8.83,12 OZ/0.35L,Beer description
Beer E,Country C,Brand A,Category A,Type B,Note A,9.0,67,209,19.0,Food Pairing B,Room temperature,2.1,254,13.43,12 OZ/0.35L,Beer description
Beer D,Country B,Brand C,Category B,Type A,Note C,4.0,52,283,25.0,Food Pairing A,Cold,2.4,142,12.11,12 OZ/0.35L,Beer description
Beer A,Country A,Brand C,Category C,Type C,Note B,4.0,10,204,0.0,Food Pairing B,Chilled,3.2,490,12.06,12 OZ/0.35L,Beer description
Beer D,Country C,Brand A,Category C,Type A,Note A,7.0,16,168,2.0,Food Pairing B,Chilled,4.4,429,17.04,12 OZ/0.35L,Beer description
Beer E,Country C,Brand B,Category A,Type B,Note B,8.0,24,156,16.0,Food Pairing B,Cold,3.9,246,9.11,12 OZ/0.35L,Beer description
Beer C,Country C,Brand A,Category A,Type B,Note B,7.0,18,231,7.0,Food Pairing B,Room temperature,2.0,481,15.81,12 OZ/0.35L,Beer description
Beer D,Country C,Brand B,Category C,Type C,Note A,5.0,73,101,28.0,Food Pairing C,Cold,4.3,77,5.74,12 OZ/0.35L,Beer description
Beer D,Country C,Brand A,Category C,Type C,Note A,10.0,26,260,20.0,Food Pairing B,Chilled,2.3,446,12.32,12 OZ/0.35L,Beer description
Beer A,Country C,Brand B,Category B,Type A,Note A,9.0,81,247,7.0,Food Pairing A,Cold,3.0,104,19.69,12 OZ/0.35L,Beer description
Beer A,Country A,Brand B,Category B,Type B,Note B,5.0,86,213,20.0,Food Pairing B,Chilled,1.9,106,2.48,12 OZ/0.35L,Beer description
Beer A,Country B,Brand B,Category B,Type B,Note A,5.0,73,106,7.0,Food Pairing B,Chilled,4.1,29,10.66,12 OZ/0.35L,Beer description
Beer D,Country A,Brand B,Category B,Type B,Note B,9.0,75,239,11.0,Food Pairing A,Cold,3.3,197,19.56,12 OZ/0.35L,Beer description
Beer E,Country B,Brand C,Category C,Type A,Note A,4.0,37,140,17.0,Food Pairing A,Room temperature,4.4,158,10.17,12 OZ/0.35L,Beer description
Beer E,Country A,Brand B,Category B,Type A,Note A,11.0,21,131,25.0,Food Pairing A,Room temperature,1.9,201,16.3,12 OZ/0.35L,Beer description
Beer A,Country B,Brand A,Category B,Type C,Note B,5.0,90,250,1.0,Food Pairing B,Room temperature,3.5,343,11.25,12 OZ/0.35L,Beer description
Beer D,Country A,Brand A,Category C,Type C,Note C,4.0,41,273,26.0,Food Pairing A,Room temperature,3.9,385,2.53,12 OZ/0.35L,Beer description
Beer E,Country A,Brand C,Category A,Type B,Note A,4.0,56,171,16.0,Food Pairing B,Cold,4.8,288,16.63,12 OZ/0.35L,Beer description
Beer C,Country A,Brand C,Category C,Type A,Note C,7.0,52,221,15.0,Food Pairing B,Chilled,4.8,336,15.46,12 OZ/0.35L,Beer description
Beer C,Country A,Brand B,Category A,Type B,Note A,6.0,58,105,24.0,Food Pairing C,Chilled,4.1,490,10.39,12 OZ/0.35L,Beer description
Beer B,Country A,Brand B,Category A,Type B,Note A,3.0,19,297,21.0,Food Pairing A,Cold,3.7,60,18.05,12 OZ/0.35L,Beer description
Beer A,Country B,Brand A,Category B,Type B,Note A,5.0,11,101,22.0,Food Pairing C,Room temperature,4.4,416,15.17,12 OZ/0.35L,Beer description
Beer D,Country B,Brand B,Category A,Type B,Note B,11.0,86,132,22.0,Food Pairing B,Cold,4.5,273,5.25,12 OZ/0.35L,Beer description
Beer D,Country B,Brand A,Category A,Type B,Note A,8.0,18,156,24.0,Food Pairing C,Cold,3.3,446,3.51,12 OZ/0.35L,Beer description
Beer A,Country B,Brand A,Category A,Type A,Note A,8.0,61,161,7.0,Food Pairing B,Room temperature,3.2,84,13.7,12 OZ/0.35L,Beer description
Beer A,Country A,Brand A,Category B,Type A,Note B,8.0,2,252,23.0,Food Pairing A,Chilled,4.1,250,19.81,12 OZ/0.35L,Beer description
Beer E,Country C,Brand C,Category C,Type A,Note A,7.0,40,200,11.0,Food Pairing A,Chilled,2.5,226,14.93,12 OZ/0.35L,Beer description
Beer E,Country C,Brand A,Category C,Type C,Note B,9.0,47,260,15.0,Food Pairing A,Room temperature,2.0,135,17.95,12 OZ/0.35L,Beer description
Beer B,Country B,Brand B,Category A,Type A,Note C,10.0,18,197,25.0,Food Pairing B,Cold,4.1,20,2.76,12 OZ/0.35L,Beer description
Beer D,Country C,Brand B,Category B,Type A,Note B,4.0,15,159,5.0,Food Pairing C,Room temperature,3.7,387,6.39,12 OZ/0.35L,Beer description
Beer E,Country B,Brand C,Category C,Type C,Note C,6.0,46,260,13.0,Food Pairing B,Room temperature,4.6,85,16.95,12 OZ/0.35L,Beer description
Beer B,Country B,Brand B,Category B,Type B,Note A,6.0,74,190,27.0,Food Pairing B,Room temperature,4.9,403,8.98,12 OZ/0.35L,Beer description
Beer A,Country B,Brand B,Category C,Type B,Note A,10.0,92,166,8.0,Food Pairing C,Room temperature,3.0,414,15.94,12 OZ/0.35L,Beer description
Beer C,Country C,Brand C,Category C,Type B,Note C,11.0,30,240,7.0,Food Pairing B,Cold,4.8,151,8.16,12 OZ/0.35L,Beer description
Beer C,Country A,Brand B,Category C,Type C,Note C,8.0,92,255,6.0,Food Pairing C,Chilled,1.7,39,14.86,12 OZ/0.35L,Beer description
Beer A,Country A,Brand B,Category A,Type B,Note B,7.0,38,232,2.0,Food Pairing A,Chilled,4.8,293,3.79,12 OZ/0.35L,Beer description
Beer D,Country B,Brand A,Category A,Type A,Note B,5.0,63,157,12.0,Food Pairing A,Chilled,1.2,140,6.95,12 OZ/0.35L,Beer description
Beer C,Country B,Brand A,Category A,Type B,Note A,5.0,98,154,4.0,Food Pairing B,Chilled,3.9,425,9.92,12 OZ/0.35L,Beer description
Beer B,Country B,Brand B,Category B,Type B,Note A,10.0,18,126,12.0,Food Pairing B,Cold,2.7,103,3.62,12 OZ/0.35L,Beer description
Beer B,Country C,Brand B,Category A,Type B,Note B,9.0,29,175,29.0,Food Pairing A,Cold,1.4,310,14.21,12 OZ/0.35L,Beer description
