Name,Country,Brand,Categories,Tasting Notes,ABV,Base Ingredient,Years Aged,Rating,Rate Count,Price,Volume,Description
Spirit D,Country A,Brand A,Category B,Note A,50.0,Ingredient C,20,4.7,78,78.77,750 mL,Spirit description
Spirit E,Country B,Brand A,Category B,Note B,47.0,Ingredient C,10,2.3,198,76.02,750 mL,Spirit description
Spirit E,Country C,Brand A,Category C,Note C,46.0,Ingredient A,13,1.1,397,36.16,750 mL,Spirit description
Spirit D,Country A,Brand A,Category B,Note B,38.0,Ingredient C,20,1.1,217,58.79,750 mL,Spirit description
Spirit E,Country A,Brand B,Category A,Note C,31.0,Ingredient C,2,3.6,345,34.46,750 mL,Spirit description
Spirit A,Country C,Brand B,Category C,Note A,41.0,Ingredient A,2,3.9,11,46.84,750 mL,Spirit description
Spirit E,Country B,Brand B,Category B,Note A,42.0,Ingredient C,10,3.1,21,59.94,750 mL,Spirit description
Spirit C,Country A,Brand A,Category C,Note C,50.0,Ingredient C,7,3.0,418,34.97,750 mL,Spirit description
Spirit B,Country C,Brand B,Category B,Note B,30.0,Ingredient C,7,3.6,174,31.68,750 mL,Spirit description
Spirit D,Country B,Brand B,Category B,Note C,35.0,Ingredient C,16,4.9,112,42.81,750 mL,Spirit description
Spirit B,Country A,Brand B,Category C,Note A,41.0,Ingredient A,7,2.0,11,13.68,750 mL,Spirit description
Spirit D,Country A,Brand A,Category B,Note B,41.0,Ingredient B,4,4.5,13,75.47,750 mL,Spirit description
Spirit B,Country C,Brand C,Category C,Note B,37.0,Ingredient B,10,1.5,425,59.55,750 mL,Spirit description
Spirit C,Country B,Brand A,Category C,Note B,36.0,Ingredient B,19,1.9,147,67.53,750 mL,Spirit description
Spirit A,Country A,Brand A,Category C,Note A,45.0,Ingredient C,7,2.9,117,99.66,750 mL,Spirit description
Spirit A,Country A,Brand A,Category A,Note A,35.0,Ingredient A,18,3.1,422,79.54,750 mL,Spirit description
Spirit B,Country A,Brand B,Category C,Note C,38.0,Ingredient A,16,1.8,154,25.87,750 mL,Spirit description
Spirit C,Country C,Brand B,Category C,Note C,46.0,Ingredient C,17,4.0,362,55.97,750 mL,Spirit description
Spirit A,Country B,Brand B,Category C,Note A,32.0,Ingredient C,4,3.3,318,47.03,750 mL,Spirit description
Spirit B,Country A,Brand B,Category B,Note A,42.0,Ingredient A,9,4.5,386,98.48,750 mL,Spirit description
Spirit E,Country B,Brand B,Category B,Note B,34.0,Ingredient A,1,4.5,252,65.35,750 mL,Spirit description
Spirit D,Country A,Brand B,Category A,Note A,47.0,Ingredient B,19,2.7,210,51.97,750 mL,Spirit description
Spirit C,Country A,Brand A,Category A,Note C,35.0,Ingredient B,6,1.1,323,70.54,750 mL,Spirit description
Spirit B,Country C,Brand A,Category A,Note A,49.0,Ingredient B,5,1.9,207,90.98,750 mL,Spirit description
Spirit B,Country A,Brand A,Category B,Note C,44.0,Ingredient C,20,3.2,266,18.64,750 mL,Spirit description
Spirit D,Country C,Brand C,Category C,Note C,30.0,Ingredient A,17,1.8,434,23.22,750 mL,Spirit description
Spirit B,Country B,Brand A,Category C,Note B,47.0,Ingredient C,6,4.9,79,29.72,750 mL,Spirit description
Spirit B,Country B,Brand A,Category A,Note C,39.0,Ingredient A,13,4.0,415,28.12,750 mL,Spirit description
Spirit D,Country C,Brand A,Category C,Note B,48.0,Ingredient B,18,1.9,35,76.11,750 mL,Spirit description
Spirit A,Country A,Brand B,Category A,Note C,44.0,Ingredient B,14,4.6,394,74.37,750 mL,Spirit description
Spirit C,Country B,Brand B,Category A,Note B,38.0,Ingredient C,8,2.2,77,96.04,750 mL,Spirit description
Spirit E,Country A,Brand B,Category A,Note A,48.0,Ingredient C,6,4.9,14,34.31,750 mL,Spirit description
Spirit D,Country A,Brand B,Category B,Note B,40.0,Ingredient A,16,2.6,399,29.11,750 mL,Spirit description
Spirit E,Country A,Brand C,Category C,Note B,43.0,Ingredient C,3,2.8,99,64.02,750 mL,Spirit description
Spirit E,Country C,Brand B,Category A,Note C,39.0,Ingredient A,15,1.6,66,46.63,750 mL,Spirit description
Spirit A,Country C,Brand C,Category B,Note B,43.0,Ingredient A,4,1.3,466,94.4,750 mL,Spirit description
Spirit B,Country B,Brand C,Category C,Note B,41.0,Ingredient B,20,3.9,116,83.61,750 mL,Spirit description
Spirit A,Country B,Brand C,Category A,Note A,45.0,Ingredient B,17,3.5,310,68.38,750 mL,Spirit description
Spirit C,Country C,Brand C,Category A,Note A,46.0,Ingredient A,14,3.4,100,65.26,750 mL,Spirit description
Spirit C,Country A,Brand A,Category A,Note C,35.0,Ingredient C,12,4.9,342,80.1,750 mL,Spirit description
Spirit C,Country B,Brand A,Category A,Note B,34.0,Ingredient C,13,3.7,191,81.11,750 mL,Spirit description
Spirit A,Country C,Brand A,Category C,Note B,35.0,Ingredient A,3,4.5,17,53.91,750 mL,Spirit description
Spirit C,Country B,Brand B,Category C,Note A,37.0,Ingredient C,8,4.8,172,25.18,750 mL,Spirit description
Spirit A,Country B,Brand C,Category B,Note B,46.0,Ingredient C,9,4.9,484,74.48,750 mL,Spirit description
Spirit D,Country A,Brand B,Category A,Note C,39.0,Ingredient C,3,3.8,11,29.38,750 mL,Spirit description
Spirit C,Country A,Brand B,Category B,Note B,46.0,Ingredient B,20,4.1,272,92.81,750 mL,Spirit description
Spirit C,Country B,Brand C,Category A,Note A,46.0,Ingredient A,11,2.7,214,94.2,750 mL,Spirit description
Spirit B,Country B,Brand A,Category A,Note A,37.0,Ingredient B,6,1.9,154,73.98,750 mL,Spirit description
Spirit E,Country B,Brand C,Category C,Note A,47.0,Ingredient B,16,2.9,78,79.11,750 mL,Spirit description
Spirit A,Country A,Brand B,Category A,Note A,38.0,Ingredient C,8,3.1,496,33.98,750 mL,Spirit description
Spirit B,Country A,Brand B,Category A,Note B,35.0,Ingredient C,20,2.4,132,38.99,750 mL,Spirit description
Spirit D,Country A,Brand C,Category B,Note A,31.0,Ingredient B,12,4.9,402,97.39,750 mL,Spirit description
Spirit B,Country B,Brand B,Category C,Note A,45.0,Ingredient B,17,3.5,347,95.87,750 mL,Spirit description
Spirit B,Country A,Brand B,Category A,Note C,39.0,Ingredient B,14,3.1,370,30.27,750 mL,Spirit description
Spirit C,Country A,Brand A,Category A,Note B,35.0,Ingredient B,1,1.7,445,54.69,750 mL,Spirit description
Spirit D,Country B,Brand A,Category B,Note C,42.0,Ingredient A,6,2.7,47,24.66,750 mL,Spirit description
Spirit A,Country C,Brand C,Category C,Note C,40.0,Ingredient C,19,2.5,258,54.71,750 mL,Spirit description
Spirit D,Country C,Brand A,Category B,Note B,31.0,Ingredient B,20,1.9,463,27.28,750 mL,Spirit description
Spirit B,Country C,Brand C,Category B,Note B,44.0,Ingredient A,20,2.8,436,76.52,750 mL,Spirit description
Spirit C,Country A,Brand A,Category B,Note A,40.0,Ingredient C,18,2.4,219,82.22,750 mL,Spirit description
Spirit A,Country A,Brand B,Category B,Note B,48.0,Ingredient C,18,4.3,104,82.22,750 mL,Spirit description
Spirit B,Country B,Brand B,Category C,Note C,40.0,Ingredient B,16,2.6,21,67.65,750 mL,Spirit description
Spirit D,Country C,Brand C,Category A,Note A,47.0,Ingredient A,10,1.9,33,72.8,750 mL,Spirit description
Spirit C,Country C,Brand B,Category B,Note A,37.0,Ingredient C,4,4.5,178,21.34,750 mL,Spirit description
Spirit E,Country A,Brand B,Category B,Note A,35.0,Ingredient B,2,1.4,40,11.1,750 mL,Spirit description
Spirit B,Country C,Brand A,Category A,Note C,42.0,Ingredient A,15,2.2,265,71.53,750 mL,Spirit description
Spirit E,Country B,Brand B,Category A,Note C,40.0,Ingredient A,7,2.2,44,86.68,750 mL,Spirit description
Spirit D,Country A,Brand A,Category A,Note A,45.0,Ingredient A,15,2.0,148,25.84,750 mL,Spirit description
Spirit E,Country C,Brand B,Category C,Note C,50.0,Ingredient A,2,1.5,288,24.84,750 mL,Spirit description
Spirit E,Country B,Brand B,Category A,Note A,36.0,Ingredient B,12,2.0,472,99.39,750 mL,Spirit description
Spirit A,Country A,Brand C,Category B,Note C,45.0,Ingredient B,5,4.5,301,93.47,750 mL,Spirit description
Spirit A,Country A,Brand B,Category A,Note C,36.0,Ingredient A,18,2.5,421,66.74,750 mL,Spirit description
Spirit C,Country A,Brand C,Category C,Note B,34.0,Ingredient A,2,1.9,173,65.29,750 mL,Spirit description
Spirit A,Country A,Brand C,Category A,Note C,37.0,Ingredient A,17,4.0,242,40.66,750 mL,Spirit description
Spirit A,Country A,Brand C,Category A,Note A,46.0,Ingredient A,11,3.1,406,31.57,750 mL,Spirit description
Spirit B,Country A,Brand A,Category C,Note A,45.0,Ingredient A,16,3.7,236,53.26,750 mL,Spirit description
Spirit B,Country C,Brand B,Category B,Note C,46.0,Ingredient A,9,2.9,327,15.54,750 mL,Spirit description
Spirit E,Country C,Brand B,Category C,Note B,45.0,Ingredient A,19,2.7,297,75.49,750 mL,Spirit description
Spirit A,Country C,Brand A,Category A,Note C,44.0,Ingredient A,16,4.5,15,86.87,750 mL,Spirit description
Spirit A,Country B,Brand C,Category B,Note A,43.0,Ingredient A,4,1.2,278,53.92,750 mL,Spirit description
Spirit C,Country C,Brand C,Category B,Note B,39.0,Ingredient A,6,3.9,314,85.4,750 mL,Spirit description
Spirit D,Country B,Brand B,Category C,Note C,37.0,Ingredient A,14,2.9,413,58.06,750 mL,Spirit description
Spirit C,Country C,Brand A,Category C,Note A,34.0,Ingredient A,17,1.0,444,22.93,750 mL,Spirit description
Spirit C,Country B,Brand C,Category B,Note C,41.0,Ingredient C,5,3.5,420,47.87,750 mL,Spirit description
Spirit E,Country A,Brand A,Category B,Note A,40.0,Ingredient B,19,1.6,117,62.8,750 mL,Spirit description
Spirit D,Country A,Brand C,Category C,Note C,33.0,Ingredient C,1,3.5,23,82.64,750 mL,Spirit description
Spirit E,Country A,Brand C,Category A,Note A,50.0,Ingredient B,18,4.4,419,41.99,750 mL,Spirit description
Spirit D,Country C,Brand A,Category A,Note C,34.0,Ingredient A,5,3.3,312,44.69,750 mL,Spirit description
Spirit A,Country C,Brand C,Category C,Note B,41.0,Ingredient A,16,1.6,101,84.35,750 mL,Spirit description
Spirit B,Country B,Brand A,Category C,Note B,38.0,Ingredient A,17,2.4,313,85.79,750 mL,Spirit description
Spirit B,Country B,Brand A,Category A,Note A,33.0,Ingredient A,7,1.1,338,53.81,750 mL,Spirit description
Spirit E,Country B,Brand C,Category A,Note C,32.0,Ingredient B,2,2.5,77,46.09,750 mL,Spirit description
Spirit E,Country C,Brand B,Category B,Note B,47.0,Ingredient A,5,4.6,123,62.02,750 mL,Spirit description
Spirit D,Country C,Brand A,Category A,Note B,42.0,Ingredient B,5,2.4,407,59.51,750 mL,Spirit description
Spirit C,Country B,Brand C,Category A,Note A,49.0,Ingredient B,19,4.4,203,33.83,750 mL,Spirit description
Spirit B,Country A,Brand C,Category A,Note B,47.0,Ingredient A,15,2.6,487,83.37,750 mL,Spirit description
Spirit C,Country B,Brand C,Category A,Note B,48.0,Ingredient C,14,1.9,300,23.24,750 mL,Spirit description
Spirit A,Country A,Brand B,Category B,Note C,41.0,Ingredient B,6,1.4,172,87.57,750 mL,Spirit description
Spirit E,Country A,Brand C,Category C,Note A,49.0,Ingredient A,12,4.2,362,48.08,750 mL,Spirit description
Spirit C,Country A,Brand C,Category C,Note B,44.0,Ingredient A,7,3.6,366,31.04,750 mL,Spirit description
Spirit B,Country B,Brand B,Category A,Note A,42.0,Ingredient A,5,2.1,19,44.78,750 mL,Spirit description
Spirit E,Country B,Brand B,Category A,Note A,48.0,Ingredient A,17,1.7,214,84.89,750 mL,Spirit description
Spirit C,Country B,Brand A,Category C,Note A,49.0,Ingredient A,7,2.2,218,61.28,750 mL,Spirit description
Spirit C,Country A,Brand B,Category B,Note B,31.0,Ingredient B,10,3.1,271,12.93,750 mL,Spirit description
Spirit E,Country B,Brand C,Category A,Note A,33.0,Ingredient A,10,3.8,214,48.37,750 mL,Spirit description
Spirit D,Country A,Brand C,Category B,Note A,49.0,Ingredient C,18,3.3,368,92.63,750 mL,Spirit description
Spirit B,Country C,Brand A,Category A,Note B,37.0,Ingredient B,20,1.0,368,62.4,750 mL,Spirit description
Spirit E,Country A,Brand A,Category C,Note A,36.0,Ingredient A,18,4.7,315,49.75,750 mL,Spirit description
Spirit E,Country A,Brand A,Category A,Note A,46.0,Ingredient B,20,1.6,370,87.56,750 mL,Spirit description
Spirit A,Country C,Brand C,Category C,Note C,42.0,Ingredient B,16,3.5,206,43.63,750 mL,Spirit description
Spirit A,Country B,Brand C,Category A,Note A,46.0,Ingredient A,17,1.3,47,71.65,750 mL,Spirit description
Spirit D,Country C,Brand C,Category B,Note C,36.0,Ingredient A,17,1.4,304,68.72,750 mL,Spirit description
Spirit A,Country C,Brand B,Category C,Note C,46.0,Ingredient B,10,3.0,129,78.92,750 mL,Spirit description
Spirit E,Country B,Brand A,Category A,Note A,50.0,Ingredient A,7,4.3,376,93.15,750 mL,Spirit description
Spirit A,Country B,Brand B,Category A,Note B,44.0,Ingredient C,15,4.1,265,48.62,750 mL,Spirit description
Spirit E,Country B,Brand A,Category B,Note A,32.0,Ingredient A,19,3.3,186,64.91,750 mL,Spirit description
Spirit A,Country B,Brand C,Category A,Note A,33.0,Ingredient C,3,1.3,180,10.55,750 mL,Spirit description
Spirit C,Country A,Brand B,Category C,Note C,47.0,Ingredient B,4,3.3,293,65.63,750 mL,Spirit description
Spirit D,Country A,Brand A,Category C,Note B,44.0,Ingredient C,1,4.4,430,78.95,750 mL,Spirit description
Spirit E,Country C,Brand A,Category C,Note B,31.0,Ingredient C,2,1.1,24,77.82,750 mL,Spirit description
Spirit B,Country C,Brand C,Category C,Note C,43.0,Ingredient B,20,1.1,189,80.47,750 mL,Spirit description
Spirit D,Country B,Brand B,Category B,Note B,34.0,Ingredient A,17,3.6,280,56.59,750 mL,Spirit description
Spirit E,Country A,Brand A,Category B,Note B,41.0,Ingredient C,13,2.5,56,39.72,750 mL,Spirit description
Spirit C,Country B,Brand B,Category C,Note B,42.0,Ingredient C,10,2.9,288,11.85,750 mL,Spirit description
Spirit E,Country B,Brand A,Category C,Note B,47.0,Ingredient B,3,2.1,59,99.54,750 mL,Spirit description
Spirit B,Country A,Brand A,Category B,Note A,40.0,Ingredient A,7,1.5,381,56.84,750 mL,Spirit description
Spirit C,Country B,Brand B,Category A,Note A,35.0,Ingredient C,18,2.8,188,57.14,750 mL,Spirit description
Spirit E,Country A,Brand C,Category B,Note A,47.0,Ingredient C,16,4.9,170,97.76,750 mL,Spirit description
Spirit C,Country C,Brand B,Category A,Note B,45.0,Ingredient A,6,5.0,153,69.47,750 mL,Spirit description
Spirit E,Country A,Brand B,Category A,Note C,35.0,Ingredient B,18,3.2,94,57.7,750 mL,Spirit description
Spirit A,Country A,Brand C,Category B,Note A,31.0,Ingredient C,2,1.3,293,10.76,750 mL,Spirit description
Spirit B,Country B,Brand A,Category C,Note C,45.0,Ingredient B,1,4.8,147,14.02,750 mL,Spirit description
Spirit A,Country C,Brand B,Category B,Note C,48.0,Ingredient C,13,3.6,353,77.43,750 mL,Spirit description
Spirit E,Country A,Brand C,Category A,Note C,45.0,Ingredient A,13,3.7,274,11.03,750 mL,Spirit description
Spirit B,Country A,Brand B,Category C,Note C,50.0,Ingredient A,13,5.0,252,99.85,750 mL,Spirit description
Spirit D,Country A,Brand A,Category C,Note C,40.0,Ingredient A,13,1.5,211,45.73,750 mL,Spirit description
Spirit A,Country C,Brand C,Category C,Note C,36.0,Ingredient A,7,4.2,347,31.95,750 mL,Spirit description
Spirit B,Country C,Brand B,Category C,Note A,37.0,Ingredient C,10,1.3,376,79.22,750 mL,Spirit description
Spirit E,Country A,Brand B,Category C,Note B,35.0,Ingredient B,16,1.7,28,29.66,750 mL,Spirit description
Spirit E,Country A,Brand A,Category C,Note B,36.0,Ingredient B,19,2.6,446,32.28,750 mL,Spirit description
Spirit E,Country B,Brand B,Category B,Note A,48.0,Ingredient B,7,2.2,122,68.05,750 mL,Spirit description
Spirit D,Country C,Brand B,Category C,Note C,39.0,Ingredient C,14,3.1,446,23.6,750 mL,Spirit description
Spirit B,Country A,Brand B,Category C,Note C,33.0,Ingredient B,19,4.1,435,71.58,750 mL,Spirit description
Spirit B,Country A,Brand B,Category B,Note B,32.0,Ingredient B,4,1.8,430,67.93,750 mL,Spirit description
Spirit B,Country A,Brand C,Category B,Note A,46.0,Ingredient C,20,4.1,370,19.07,750 mL,Spirit description
Spirit C,Country C,Brand B,Category B,Note C,42.0,Ingredient C,12,4.3,357,92.88,750 mL,Spirit description
Spirit E,Country A,Brand A,Category C,Note C,32.0,Ingredient C,20,5.0,158,21.76,750 mL,Spirit description
Spirit B,Country A,Brand A,Category C,Note B,31.0,Ingredient A,12,2.3,233,66.85,750 mL,Spirit description
Spirit E,Country A,Brand A,Category C,Note A,43.0,Ingredient C,8,1.3,259,86.01,750 mL,Spirit description
Spirit A,Country A,Brand B,Category A,Note A,49.0,Ingredient A,10,4.0,260,91.58,750 mL,Spirit description
Spirit E,Country A,Brand B,Category B,Note C,46.0,Ingredient B,7,2.1,452,92.88,750 mL,Spirit description
Spirit A,Country A,Brand B,Category A,Note C,47.0,Ingredient A,2,1.4,44,35.49,750 mL,Spirit description
Spirit A,Country A,Brand C,Category C,Note A,47.0,Ingredient A,2,1.7,25,11.72,750 mL,Spirit description
Spirit E,Country A,Brand C,Category A,Note B,43.0,Ingredient B,2,3.2,222,94.68,750 mL,Spirit description
Spirit A,Country A,Brand B,Category B,Note B,43.0,Ingredient B,13,4.9,59,77.06,750 mL,Spirit description
Spirit C,Country B,Brand A,Category B,Note A,47.0,Ingredient C,12,3.1,228,26.2,750 mL,Spirit description
Spirit A,Country C,Brand B,Category B,Note A,48.0,Ingredient A,13,4.2,31,25.89,750 mL,Spirit description
Spirit C,Country B,Brand A,Category B,Note B,44.0,Ingredient C,3,2.7,407,15.38,750 mL,Spirit description
Spirit E,Country A,Brand C,Category A,Note C,47.0,Ingredient A,15,2.4,78,24.13,750 mL,Spirit description
Spirit D,Country C,Brand B,Category A,Note C,36.0,Ingredient C,3,5.0,269,10.12,750 mL,Spirit description
Spirit C,Country C,Brand C,Category C,Note A,35.0,Ingredient C,1,3.8,188,81.3,750 mL,Spirit description
Spirit A,Country C,Brand B,Category B,Note A,43.0,Ingredient B,14,1.1,271,71.9,750 mL,Spirit description
Spirit E,Country B,Brand C,Category A,Note A,46.0,Ingredient C,13,1.3,253,35.49,750 mL,Spirit description
Spirit C,Country B,Brand A,Category B,Note B,37.0,Ingredient A,6,4.7,302,83.13,750 mL,Spirit description
Spirit B,Country C,Brand B,Category B,Note C,46.0,Ingredient B,4,3.3,274,39.42,750 mL,Spirit description
Spirit C,Country C,Brand B,Category B,Note C,47.0,Ingredient C,6,3.0,220,55.9,750 mL,Spirit description
Spirit C,Country B,Brand B,Category A,Note A,49.0,Ingredient C,2,3.3,474,30.3,750 mL,Spirit description
Spirit D,Country C,Brand A,Category A,Note A,45.0,Ingredient A,13,1.7,18,33.41,750 mL,Spirit description
Spirit C,Country C,Brand C,Category A,Note C,44.0,Ingredient A,4,4.1,60,41.13,750 mL,Spirit description
Spirit B,Country A,Brand B,Category B,Note B,42.0,Ingredient C,13,3.1,193,20.83,750 mL,Spirit description
Spirit B,Country A,Brand A,Category B,Note A,33.0,Ingredient B,7,3.6,62,18.74,750 mL,Spirit description
Spirit E,Country A,Brand C,Category A,Note B,48.0,Ingredient C,17,1.2,149,21.14,750 mL,Spirit description
Spirit C,Country A,Brand C,Category C,Note B,44.0,Ingredient A,4,1.6,439,91.97,750 mL,Spirit description
Spirit D,Country C,Brand A,Category C,Note B,35.0,Ingredient A,7,4.2,457,71.65,750 mL,Spirit description
Spirit E,Country C,Brand C,Category A,Note A,40.0,Ingredient A,10,3.8,414,63.45,750 mL,Spirit description
Spirit B,Country C,Brand B,Category C,Note C,44.0,Ingredient C,12,2.3,481,66.49,750 mL,Spirit description
Spirit B,Country C,Brand C,Category A,Note B,42.0,Ingredient B,13,2.0,447,11.34,750 mL,Spirit description
Spirit D,Country A,Brand C,Category A,Note A,39.0,Ingredient A,11,2.7,476,62.39,750 mL,Spirit description
Spirit E,Country B,Brand C,Category B,Note A,34.0,Ingredient B,7,4.3,81,65.74,750 mL,Spirit description
Spirit D,Country A,Brand A,Category B,Note C,37.0,Ingredient C,13,5.0,55,45.42,750 mL,Spirit description
Spirit D,Country A,Brand A,Category C,Note C,45.0,Ingredient C,8,2.4,163,91.8,750 mL,Spirit description
Spirit A,Country C,Brand B,Category C,Note C,49.0,Ingredient B,14,3.3,110,44.74,750 mL,Spirit description
Spirit C,Country C,Brand B,Category B,Note B,44.0,Ingredient C,8,2.4,346,74.26,750 mL,Spirit description
Spirit C,Country A,Brand C,Category A,Note A,44.0,Ingredient A,18,2.6,489,67.54,750 mL,Spirit description
Spirit B,Country B,Brand A,Category B,Note B,37.0,Ingredient C,11,2.0,325,93.95,750 mL,Spirit description
Spirit D,Country A,Brand C,Category B,Note A,48.0,Ingredient A,10,4.5,494,14.53,750 mL,Spirit description
Spirit E,Country B,Brand C,Category C,Note C,31.0,Ingredient B,20,1.0,201,53.61,750 mL,Spirit description
Spirit D,Country A,Brand A,Category B,Note A,42.0,Ingredient C,18,1.5,423,83.11,750 mL,Spirit description
Spirit B,Country B,Brand B,Category A,Note B,50.0,Ingredient B,20,5.0,378,64.77,750 mL,Spirit description
Spirit C,Country A,Brand C,Category C,Note B,37.0,Ingredient A,10,1.5,151,45.06,750 mL,Spirit description
Spirit A,Country C,Brand C,Category B,Note A,35.0,Ingredient A,3,4.6,464,74.1,750 mL,Spirit description
Spirit D,Country C,Brand A,Category C,Note B,47.0,Ingredient B,19,3.0,395,11.48,750 mL,Spirit description
Spirit E,Country B,Brand B,Category C,Note B,46.0,Ingredient B,18,4.9,453,88.08,750 mL,Spirit description
Spirit B,Country A,Brand B,Category C,Note B,41.0,Ingredient B,1,3.3,483,31.8,750 mL,Spirit description
Spirit A,Country C,Brand B,Category B,Note A,39.0,Ingredient C,8,2.8,66,89.8,750 mL,Spirit description
Spirit D,Country C,Brand C,Category A,Note B,43.0,Ingredient A,16,1.3,369,23.52,750 mL,Spirit description
Spirit D,Country B,Brand C,Category B,Note B,49.0,Ingredient C,1,4.1,268,76.99,750 mL,Spirit description
Spirit A,Country C,Brand B,Category C,Note B,45.0,Ingredient B,19,4.2,163,74.28,750 mL,Spirit description
Spirit B,Country C,Brand B,Category C,Note B,45.0,Ingredient A,13,4.1,447,20.78,750 mL,Spirit description
Spirit B,Country A,Brand A,Category A,Note C,36.0,Ingredient B,4,2.6,113,95.29,750 mL,Spirit description
Spirit D,Country C,Brand C,Category C,Note C,45.0,Ingredient C,15,2.6,418,14.5,750 mL,Spirit description
Spirit D,Country A,Brand A,Category C,Note B,45.0,Ingredient B,1,2.9,371,77.32,750 mL,Spirit description
Spirit B,Country A,Brand C,Category A,Note C,35.0,Ingredient B,4,3.7,288,69.51,750 mL,Spirit description
Spirit C,Country A,Brand B,Category A,Note A,30.0,Ingredient A,16,4.8,192,51.42,750 mL,Spirit description
Spirit B,Country A,Brand A,Category B,Note B,33.0,Ingredient B,8,2.4,266,37.32,750 mL,Spirit description
Spirit A,Country B,Brand C,Category B,Note B,49.0,Ingredient B,5,2.2,242,92.71,750 mL,Spirit description
Spirit C,Country A,Brand C,Category B,Note C,31.0,Ingredient A,10,4.4,315,33.35,750 mL,Spirit description
Spirit E,Country B,Brand A,Category A,Note A,31.0,Ingredient B,14,1.7,231,78.23,750 mL,Spirit description
Spirit D,Country A,Brand A,Category C,Note A,32.0,Ingredient C,12,1.2,182,69.33,750 mL,Spirit description
Spirit A,Country B,Brand C,Category B,Note B,31.0,Ingredient A,16,1.7,242,99.35,750 mL,Spirit description
Spirit B,Country C,Brand C,Category A,Note C,44.0,Ingredient C,11,1.9,147,25.72,750 mL,Spirit description
Spirit C,Country B,Brand C,Category C,Note A,50.0,Ingredient A,4,3.4,304,21.9,750 mL,Spirit description
Spirit B,Country B,Brand B,Category A,Note B,31.0,Ingredient C,12,1.1,143,24.8,750 mL,Spirit description
Spirit A,Country B,Brand A,Category C,Note B,45.0,Ingredient B,19,1.6,148,12.18,750 mL,Spirit description
Spirit E,Country B,Brand B,Category B,Note A,39.0,Ingredient A,9,1.3,370,51.37,750 mL,Spirit description
Spirit C,Country A,Brand A,Category A,Note B,37.0,Ingredient B,16,2.9,44,94.4,750 mL,Spirit description
Spirit E,Country B,Brand A,Category A,Note C,37.0,Ingredient B,10,1.2,73,99.71,750 mL,Spirit description
Spirit D,Country A,Brand A,Category C,Note C,40.0,Ingredient C,20,3.6,101,14.42,750 mL,Spirit description
Spirit E,Country C,Brand C,Category B,Note B,48.0,Ingredient A,9,3.4,476,53.39,750 mL,Spirit description
Spirit D,Country B,Brand C,Category A,Note B,36.0,Ingredient B,2,3.9,270,97.23,750 mL,Spirit description
Spirit C,Country B,Brand B,Category A,Note A,41.0,Ingredient C,3,3.1,282,25.68,750 mL,Spirit description
Spirit E,Country A,Brand A,Category C,Note A,44.0,Ingredient A,10,1.3,166,93.93,750 mL,Spirit description
Spirit E,Country C,Brand B,Category B,Note B,37.0,Ingredient B,10,3.1,216,10.81,750 mL,Spirit description
Spirit B,Country A,Brand B,Category C,Note B,33.0,Ingredient A,20,1.4,190,29.18,750 mL,Spirit description
Spirit D,Country C,Brand B,Category A,Note C,38.0,Ingredient B,4,3.9,198,11.06,750 mL,Spirit description
Spirit E,Country A,Brand B,Category B,Note A,37.0,Ingredient A,16,4.8,381,79.37,750 mL,Spirit description
Spirit D,Country B,Brand A,Category C,Note C,41.0,Ingredient A,8,2.9,181,40.47,750 mL,Spirit description
Spirit C,Country A,Brand B,Category B,Note C,34.0,Ingredient C,3,1.9,494,61.83,750 mL,Spirit description
Spirit E,Country C,Brand B,Category B,Note C,36.0,Ingredient C,14,3.3,313,73.56,750 mL,Spirit description
Spirit C,Country B,Brand C,Category A,Note C,40.0,Ingredient A,19,3.4,412,27.92,750 mL,Spirit description
Spirit E,Country A,Brand A,Category B,Note A,41.0,Ingredient A,5,3.7,204,33.28,750 mL,Spirit description
Spirit E,Country C,Brand B,Category C,Note A,48.0,Ingredient C,11,4.0,498,66.38,750 mL,Spirit description
Spirit D,Country C,Brand A,Category C,Note C,45.0,Ingredient C,20,4.0,113,91.68,750 mL,Spirit description
Spirit E,Country B,Brand A,Category A,Note B,41.0,Ingredient B,4,1.9,189,62.1,750 mL,Spirit description
Spirit C,Country A,Brand B,Category C,Note C,38.0,Ingredient A,8,1.4,83,94.48,750 mL,Spirit description
Spirit E,Country C,Brand A,Category A,Note A,48.0,Ingredient B,10,3.3,415,43.62,750 mL,Spirit description
Spirit A,Country B,Brand C,Category B,Note B,34.0,Ingredient C,11,4.9,10,36.98,750 mL,Spirit description
Spirit E,Country A,Brand C,Category A,Note A,41.0,Ingredient C,19,3.8,39,14.23,750 mL,Spirit description
Spirit E,Country B,Brand A,Category A,Note C,50.0,Ingredient C,10,4.9,127,28.24,750 mL,Spirit description
Spirit E,Country A,Brand A,Category C,Note B,31.0,Ingredient C,12,4.6,72,45.5,750 mL,Spirit description
Spirit C,Country C,Brand A,Category C,Note A,30.0,Ingredient A,8,3.5,159,24.68,750 mL,Spirit description
Spirit B,Country B,Brand C,Category B,Note C,47.0,Ingredient B,8,1.4,418,92.19,750 mL,Spirit description
Spirit C,Country A,Brand A,Category B,Note B,42.0,Ingredient A,11,2.8,416,37.0,750 mL,Spirit description
Spirit C,Country A,Brand C,Category A,Note B,45.0,Ingredient C,3,1.9,321,58.14,750 mL,Spirit description
Spirit B,Country C,Brand A,Category A,Note C,43.0,Ingredient A,12,1.6,483,33.37,750 mL,Spirit description
Spirit E,Country B,Brand C,Category C,Note B,31.0,Ingredient B,14,3.4,406,36.13,750 mL,Spirit description
Spirit C,Country C,Brand A,Category C,Note C,30.0,Ingredient B,13,2.7,91,48.83,750 mL,Spirit description
Spirit B,Country C,Brand A,Category A,Note B,32.0,Ingredient B,18,4.6,130,88.44,750 mL,Spirit description
Spirit B,Country B,Brand A,Category A,Note B,33.0,Ingredient B,19,3.7,161,26.33,750 mL,Spirit description
Spirit A,Country C,Brand A,Category A,Note A,37.0,Ingredient A,2,2.6,163,90.29,750 mL,Spirit description
Spirit B,Country C,Brand A,Category C,Note B,49.0,Ingredient C,15,1.4,426,62.8,750 mL,Spirit description
Spirit D,Country C,Brand C,Category A,Note C,35.0,Ingredient C,20,3.3,72,85.54,750 mL,Spirit description
Spirit A,Country C,Brand B,Category C,Note B,45.0,Ingredient C,13,4.2,415,29.77,750 mL,Spirit description
Spirit B,Country B,Brand A,Category A,Note A,31.0,Ingredient B,6,4.9,15,18.76,750 mL,Spirit description
Spirit C,Country B,Brand A,Category B,Note C,45.0,Ingredient B,8,3.0,216,28.66,750 mL,Spirit description
Spirit D,Country C,Brand A,Category C,Note B,45.0,Ingredient C,16,2.8,482,96.2,750 mL,Spirit description
Spirit A,Country B,Brand B,Category B,Note C,34.0,Ingredient B,5,2.6,203,13.68,750 mL,Spirit description
Spirit C,Country A,Brand C,Category A,Note C,49.0,Ingredient A,6,4.4,264,32.27,750 mL,Spirit description
Spirit E,Country C,Brand C,Category A,Note A,44.0,Ingredient B,1,3.2,67,11.1,750 mL,Spirit description
Spirit C,Country C,Brand C,Category B,Note A,31.0,Ingredient A,10,3.3,198,96.55,750 mL,Spirit description
Spirit B,Country A,Brand C,Category C,Note C,34.0,Ingredient C,10,1.0,166,39.76,750 mL,Spirit description
Spirit E,Country A,Brand C,Category C,Note C,33.0,Ingredient A,1,2.1,185,97.73,750 mL,Spirit description
Spirit D,Country A,Brand A,Category B,Note B,39.0,Ingredient C,3,1.6,280,96.74,750 mL,Spirit description
Spirit E,Country B,Brand C,Category C,Note B,39.0,Ingredient C,8,1.2,328,32.57,750 mL,Spirit description
Spirit E,Country A,Brand C,Category B,Note A,42.0,Ingredient A,9,4.4,81,69.79,750 mL,Spirit description
Spirit A,Country C,Brand C,Category B,Note A,50.0,Ingredient B,3,1.3,313,54.67,750 mL,Spirit description
Spirit C,Country B,Brand B,Category A,Note B,39.0,Ingredient B,7,4.6,166,73.63,750 mL,Spirit description
Spirit E,Country B,Brand A,Category B,Note A,33.0,Ingredient B,1,3.9,164,15.73,750 mL,Spirit description
Spirit A,Country B,Brand C,Category B,Note C,32.0,Ingredient A,8,4.0,335,41.11,750 mL,Spirit description
Spirit E,Country A,Brand B,Category B,Note A,49.0,Ingredient B,8,1.5,203,62.06,750 mL,Spirit description
Spirit C,Country B,Brand C,Category C,Note B,38.0,Ingredient A,10,2.9,440,81.98,750 mL,Spirit description
Spirit D,Country C,Brand B,Category B,Note A,45.0,Ingredient A,10,3.5,133,21.94,750 mL,Spirit description
Spirit D,Country B,Brand A,Category B,Note C,50.0,Ingredient A,14,3.4,360,17.62,750 mL,Spirit description
Spirit A,Country C,Brand B,Category C,Note A,46.0,Ingredient C,6,4.2,307,66.77,750 mL,Spirit description
Spirit B,Country A,Brand C,Category B,Note B,44.0,Ingredient A,12,2.5,499,99.26,750 mL,Spirit description
Spirit A,Country C,Brand A,Category C,Note C,31.0,Ingredient B,8,1.4,286,79.14,750 mL,Spirit description
Spirit E,Country A,Brand A,Category A,Note B,38.0,Ingredient C,9,1.4,11,97.96,750 mL,Spirit description
Spirit B,Country B,Brand C,Category B,Note C,43.0,Ingredient B,12,1.1,367,44.63,750 mL,Spirit description
Spirit A,Country A,Brand C,Category C,Note B,30.0,Ingredient A,5,2.7,490,80.88,750 mL,Spirit description
Spirit B,Country C,Brand A,Category C,Note C,31.0,Ingredient C,7,3.4,68,38.33,750 mL,Spirit description
Spirit D,Country B,Brand C,Category B,Note B,30.0,Ingredient C,18,4.3,333,24.07,750 mL,Spirit description
Spirit D,Country B,Brand C,Category A,Note A,35.0,Ingredient A,20,4.5,216,95.08,750 mL,Spirit description
Spirit B,Country B,Brand C,Category A,Note C,39.0,Ingredient A,4,4.6,234,32.31,750 mL,Spirit description
Spirit C,Country B,Brand C,Category A,Note B,39.0,Ingredient B,12,1.5,207,53.28,750 mL,Spirit description
Spirit E,Country A,Brand A,Category C,Note A,34.0,Ingredient C,6,3.9,402,82.31,750 mL,Spirit description
Spirit E,Country B,Brand C,Category A,Note A,48.0,Ingredient B,7,1.9,463,58.09,750 mL,Spirit description
Spirit B,Country C,Brand C,Category B,Note C,40.0,Ingredient A,18,2.7,153,46.39,750 mL,Spirit description
Spirit B,Country C,Brand A,Category A,Note A,47.0,Ingredient A,7,3.0,101,96.61,750 mL,Spirit description
Spirit D,Country C,Brand B,Category C,Note B,42.0,Ingredient A,5,2.4,327,81.81,750 mL,Spirit description
Spirit E,Country A,Brand A,Category A,Note C,39.0,Ingredient A,18,3.6,146,55.11,750 mL,Spirit description
Spirit B,Country B,Brand A,Category C,Note A,50.0,Ingredient B,18,3.9,12,55.23,750 mL,Spirit description
Spirit C,Country C,Brand B,Category A,Note C,44.0,Ingredient C,18,3.7,156,81.86,750 mL,Spirit description
Spirit B,Country C,Brand B,Category B,Note C,42.0,Ingredient C,2,3.4,486,70.09,750 mL,Spirit description
Spirit E,Country B,Brand B,Category C,Note B,39.0,Ingredient A,4,2.2,454,73.83,750 mL,Spirit description
Spirit B,Country B,Brand C,Category A,Note C,35.0,Ingredient A,6,3.7,158,78.25,750 mL,Spirit description
Spirit B,Country C,Brand C,Category B,Note C,39.0,Ingredient B,19,1.0,398,71.06,750 mL,Spirit description
Spirit D,Country A,Brand B,Category C,Note C,49.0,Ingredient B,5,4.0,428,92.8,750 mL,Spirit description
Spirit A,Country B,Brand A,Category A,Note C,43.0,Ingredient C,7,4.0,307,20.59,750 mL,Spirit description
Spirit A,Country C,Brand C,Category A,Note A,35.0,Ingredient B,13,3.3,86,21.2,750 mL,Spirit description
Spirit C,Country B,Brand C,Category A,Note A,45.0,Ingredient B,7,2.4,353,77.11,750 mL,Spirit description
Spirit E,Country C,Brand C,Category B,Note B,45.0,Ingredient A,11,4.5,452,13.03,750 mL,Spirit description
Spirit E,Country A,Brand B,Category C,Note A,42.0,Ingredient A,2,2.8,205,66.65,750 mL,Spirit description
Spirit B,Country B,Brand A,Category C,Note C,41.0,Ingredient B,2,2.0,334,98.32,750 mL,Spirit description
Spirit B,Country A,Brand B,Category B,Note A,33.0,Ingredient A,7,3.1,26,85.83,750 mL,Spirit description
Spirit B,Country A,Brand C,Category B,Note C,43.0,Ingredient A,6,1.3,11,82.49,750 mL,Spirit description
Spirit C,Country C,Brand B,Category C,Note A,46.0,Ingredient A,10,2.7,79,29.42,750 mL,Spirit description
Spirit B,Country B,Brand C,Category C,Note A,31.0,Ingredient A,20,3.9,295,90.2,750 mL,Spirit description
Spirit D,Country C,Brand B,Category C,Note A,41.0,Ingredient C,1,3.7,335,61.47,750 mL,Spirit description
Spirit A,Country B,Brand A,Category C,Note B,38.0,Ingredient A,16,3.5,235,25.14,750 mL,Spirit description
Spirit A,Country A,Brand A,Category B,Note C,35.0,Ingredient B,1,1.2,270,24.16,750 mL,Spirit description
Spirit B,Country A,Brand C,Category C,Note A,33.0,Ingredient A,11,2.7,11,68.69,750 mL,Spirit description
Spirit C,Country C,Brand A,Category B,Note B,49.0,Ingredient C,1,2.1,31,72.59,750 mL,Spirit description
Spirit A,Country C,Brand A,Category C,Note A,36.0,Ingredient C,1,4.8,78,39.6,750 mL,Spirit description
Spirit C,Country B,Brand A,Category A,Note C,46.0,Ingredient A,3,1.3,56,23.67,750 mL,Spirit description
Spirit C,Country C,Brand A,Category B,Note A,48.0,Ingredient B,18,4.8,328,33.67,750 mL,Spirit description
Spirit C,Country C,Brand B,Category A,Note C,46.0,Ingredient A,16,3.5,131,43.78,750 mL,Spirit description
Spirit E,Country C,Brand B,Category C,Note C,42.0,Ingredient B,14,3.5,359,66.07,750 mL,Spirit description
Spirit A,Country A,Brand B,Category A,Note A,43.0,Ingredient A,5,1.5,131,81.72,750 mL,Spirit description
Spirit E,Country A,Brand A,Category A,Note A,34.0,Ingredient B,20,4.7,266,88.09,750 mL,Spirit description
Spirit D,Country A,Brand A,Category A,Note A,39.0,Ingredient A,4,4.8,170,40.95,750 mL,Spirit description
Spirit A,Country C,Brand B,Category C,Note B,49.0,Ingredient B,17,3.5,113,19.54,750 mL,Spirit description
Spirit E,Country A,Brand C,Category B,Note A,38.0,Ingredient B,19,1.0,397,94.18,750 mL,Spirit description
Spirit C,Country B,Brand C,Category B,Note C,47.0,Ingredient A,1,2.2,177,59.0,750 mL,Spirit description
Spirit C,Country A,Brand A,Category B,Note C,32.0,Ingredient A,11,3.2,314,58.98,750 mL,Spirit description
Spirit E,Country A,Brand A,Category B,Note C,46.0,Ingredient A,12,3.8,236,78.02,750 mL,Spirit description
Spirit C,Country A,Brand B,Category B,Note B,35.0,Ingredient A,19,1.9,406,73.14,750 mL,Spirit description
Spirit C,Country B,Brand C,Category C,Note B,40.0,Ingredient C,11,4.3,376,58.94,750 mL,Spirit description
Spirit A,Country A,Brand C,Category A,Note B,40.0,Ingredient C,20,2.8,136,28.85,750 mL,Spirit description
Spirit B,Country B,Brand A,Category A,Note C,33.0,Ingredient A,13,3.5,498,45.07,750 mL,Spirit description
Spirit E,Country B,Brand B,Category C,Note B,36.0,Ingredient C,14,3.5,255,44.4,750 mL,Spirit description
Spirit A,Country B,Brand A,Category A,Note A,45.0,Ingredient B,4,4.2,166,18.55,750 mL,Spirit description
Spirit B,Country A,Brand C,Category C,Note B,48.0,Ingredient C,2,4.4,422,20.03,750 mL,Spirit description
Spirit A,Country A,Brand B,Category C,Note B,46.0,Ingredient B,20,1.9,180,59.64,750 mL,Spirit description
Spirit A,Country C,Brand A,Category B,Note B,48.0,Ingredient B,17,3.9,360,70.05,750 mL,Spirit description
Spirit A,Country B,Brand B,Category C,Note B,32.0,Ingredient C,2,3.4,378,82.64,750 mL,Spirit description
Spirit D,Country A,Brand C,Category C,Note B,31.0,Ingredient C,5,3.2,57,14.42,750 mL,Spirit description
Spirit D,Country A,Brand C,Category C,Note A,41.0,Ingredient C,8,3.0,223,70.24,750 mL,Spirit description
Spirit B,Country A,Brand B,Category A,Note B,42.0,Ingredient C,14,1.2,158,99.11,750 mL,Spirit description
Spirit E,Country A,Brand B,Category A,Note C,37.0,Ingredient B,13,4.5,456,61.36,750 mL,Spirit description
Spirit A,Country C,Brand C,Category A,Note C,33.0,Ingredient C,1,1.2,376,84.51,750 mL,Spirit description
Spirit B,Country B,Brand B,Category B,Note B,43.0,Ingredient B,9,1.9,482,52.92,750 mL,Spirit description
Spirit A,Country A,Brand B,Category A,Note B,40.0,Ingredient B,11,3.5,254,48.62,750 mL,Spirit description
Spirit A,Country B,Brand C,Category C,Note A,36.0,Ingredient B,19,3.7,159,66.01,750 mL,Spirit description
Spirit B,Country B,Brand A,Category A,Note A,36.0,Ingredient C,16,3.9,371,43.85,750 mL,Spirit description
Spirit C,Country C,Brand A,Category A,Note A,49.0,Ingredient B,3,2.9,29,91.3,750 mL,Spirit description
Spirit B,Country B,Brand B,Category A,Note C,39.0,Ingredient C,10,1.1,261,98.5,750 mL,Spirit description
Spirit D,Country C,Brand C,Category A,Note B,44.0,Ingredient B,2,2.2,438,20.56,750 mL,Spirit description
Spirit E,Country B,Brand A,Category A,Note C,49.0,Ingredient B,3,2.0,340,85.97,750 mL,Spirit description
Spirit B,Country B,Brand B,Category A,Note B,38.0,Ingredient C,14,3.2,141,20.15,750 mL,Spirit description
Spirit D,Country A,Brand C,Category A,Note A,31.0,Ingredient C,2,3.4,495,28.59,750 mL,Spirit description
Spirit B,Country C,Brand A,Category B,Note C,43.0,Ingredient B,6,4.7,433,35.54,750 mL,Spirit description
Spirit A,Country B,Brand C,Category A,Note C,38.0,Ingredient B,19,2.4,198,71.77,750 mL,Spirit description
Spirit C,Country A,Brand C,Category B,Note C,43.0,Ingredient C,13,4.3,160,10.14,750 mL,Spirit description
Spirit D,Country A,Brand C,Category A,Note C,31.0,Ingredient C,1,2.2,253,48.8,750 mL,Spirit description
Spirit A,Country B,Brand B,Category C,Note A,43.0,Ingredient B,20,2.0,60,92.45,750 mL,Spirit description
Spirit A,Country B,Brand B,Category A,Note A,32.0,Ingredient C,14,4.1,160,86.35,750 mL,Spirit description
Spirit D,Country A,Brand B,Category C,Note A,42.0,Ingredient B,19,2.0,313,22.2,750 mL,Spirit description
Spirit B,Country C,Brand C,Category B,Note B,39.0,Ingredient B,6,4.4,184,71.7,750 mL,Spirit description
Spirit B,Country C,Brand B,Category A,Note B,48.0,Ingredient C,2,3.8,276,85.21,750 mL,Spirit description
Spirit B,Country B,Brand C,Category C,Note A,32.0,Ingredient B,18,2.1,158,43.89,750 mL,Spirit description
Spirit E,Country B,Brand B,Category C,Note A,41.0,Ingredient C,7,2.2,380,77.98,750 mL,Spirit description
Spirit A,Country A,Brand C,Category B,Note B,30.0,Ingredient C,6,4.1,80,98.18,750 mL,Spirit description
Spirit C,Country C,Brand C,Category B,Note A,46.0,Ingredient A,17,2.4,34,53.45,750 mL,Spirit description
Spirit A,Country B,Brand B,Category B,Note A,32.0,Ingredient A,4,1.5,253,70.31,750 mL,Spirit description
Spirit D,Country A,Brand C,Category A,Note B,36.0,Ingredient A,10,2.0,126,81.26,750 mL,Spirit description
Spirit A,Country A,Brand B,Category C,Note C,47.0,Ingredient B,1,3.7,259,23.65,750 mL,Spirit description
Spirit A,Country A,Brand A,Category A,Note B,45.0,Ingredient B,11,1.6,224,40.71,750 mL,Spirit description
Spirit A,Country B,Brand A,Category A,Note C,37.0,Ingredient C,6,2.0,136,36.1,750 mL,Spirit description
Spirit A,Country C,Brand B,Category A,Note B,45.0,Ingredient B,12,4.5,103,18.25,750 mL,Spirit description
Spirit C,Country B,Brand A,Category B,Note C,44.0,Ingredient C,10,4.4,468,83.34,750 mL,Spirit description
Spirit D,Country B,Brand C,Category A,Note B,46.0,Ingredient A,9,4.1,131,34.54,750 mL,Spirit description
Spirit D,Country A,Brand C,Category C,Note A,40.0,Ingredient C,2,3.0,101,26.15,750 mL,Spirit description
Spirit C,Country C,Brand A,Category B,Note C,40.0,Ingredient C,16,4.8,496,89.79,750 mL,Spirit description
Spirit C,Country B,Brand C,Category B,Note A,41.0,Ingredient C,7,3.2,38,99.45,750 mL,Spirit description
Spirit B,Country B,Brand B,Category C,Note C,34.0,Ingredient C,3,4.3,218,38.02,750 mL,Spirit description
Spirit E,Country B,Brand A,Category A,Note C,50.0,Ingredient C,3,5.0,495,37.66,750 mL,Spirit description
Spirit C,Country C,Brand B,Category A,Note B,39.0,Ingredient A,9,4.7,220,12.43,750 mL,Spirit description
Spirit A,Country C,Brand B,Category C,Note B,40.0,Ingredient B,14,2.4,40,87.29,750 mL,Spirit description
Spirit C,Country C,Brand B,Category B,Note C,40.0,Ingredient B,13,1.6,186,72.85,750 mL,Spirit description
Spirit C,Country A,Brand C,Category B,Note C,34.0,Ingredient C,6,3.9,247,97.17,750 mL,Spirit description
Spirit A,Country B,Brand C,Category C,Note A,39.0,Ingredient B,20,2.1,133,27.69,750 mL,Spirit description
Spirit C,Country B,Brand B,Category C,Note A,45.0,Ingredient B,12,1.7,39,18.29,750 mL,Spirit description
Spirit B,Country A,Brand A,Category A,Note C,31.0,Ingredient B,11,4.2,37,91.96,750 mL,Spirit description
Spirit C,Country B,Brand B,Category C,Note B,39.0,Ingredient C,4,4.4,37,28.83,750 mL,Spirit description
Spirit B,Country C,Brand C,Category C,Note C,34.0,Ingredient C,13,1.4,294,78.63,750 mL,Spirit description
Spirit A,Country C,Brand A,Category C,Note B,33.0,Ingredient C,12,3.5,27,41.04,750 mL,Spirit description
Spirit B,Country B,Brand A,Category A,Note B,39.0,Ingredient A,16,5.0,170,49.52,750 mL,Spirit description
Spirit C,Country C,Brand C,Category C,Note A,32.0,Ingredient A,7,2.3,226,46.91,750 mL,Spirit description
Spirit A,Country C,Brand B,Category B,Note B,41.0,Ingredient A,1,2.0,161,53.82,750 mL,Spirit description
Spirit D,Country A,Brand A,Category C,Note A,35.0,Ingredient B,9,4.8,14,82.41,750 mL,Spirit description
Spirit D,Country B,Brand C,Category A,Note A,49.0,Ingredient B,6,2.1,434,19.65,750 mL,Spirit description
Spirit A,Country C,Brand C,Category C,Note B,47.0,Ingredient A,14,3.8,73,81.17,750 mL,Spirit description
Spirit A,Country C,Brand A,Category C,Note A,41.0,Ingredient B,11,1.2,99,61.88,750 mL,Spirit description
Spirit D,Country A,Brand B,Category C,Note C,44.0,Ingredient C,10,2.8,168,77.77,750 mL,Spirit description
Spirit E,Country B,Brand B,Category B,Note B,41.0,Ingredient C,9,4.3,188,66.01,750 mL,Spirit description
Spirit A,Country C,Brand A,Category A,Note B,31.0,Ingredient A,2,4.2,161,16.35,750 mL,Spirit description
Spirit D,Country A,Brand A,Category B,Note C,45.0,Ingredient B,17,2.9,31,29.21,750 mL,Spirit description
Spirit C,Country A,Brand C,Category A,Note B,32.0,Ingredient C,19,2.2,98,11.2,750 mL,Spirit description
Spirit A,Country B,Brand C,Category B,Note A,46.0,Ingredient B,17,5.0,181,66.88,750 mL,Spirit description
Spirit C,Country B,Brand B,Category C,Note C,44.0,Ingredient C,17,4.4,58,64.4,750 mL,Spirit description
Spirit A,Country A,Brand B,Category B,Note B,32.0,Ingredient B,18,4.9,230,44.33,750 mL,Spirit description
Spirit B,Country C,Brand B,Category A,Note A,34.0,Ingredient C,18,3.9,153,73.69,750 mL,Spirit description
Spirit D,Country B,Brand B,Category B,Note C,46.0,Ingredient A,19,1.6,481,60.43,750 mL,Spirit description
Spirit A,Country A,Brand C,Category A,Note B,42.0,Ingredient A,11,3.9,141,19.3,750 mL,Spirit description
Spirit A,Country A,Brand C,Category C,Note B,30.0,Ingredient B,14,3.8,368,85.49,750 mL,Spirit description
Spirit C,Country C,Brand B,Category B,Note B,45.0,Ingredient A,3,1.3,53,88.88,750 mL,Spirit description
Spirit D,Country A,Brand C,Category C,Note A,38.0,Ingredient C,14,4.4,54,92.95,750 mL,Spirit description
Spirit D,Country B,Brand A,Category B,Note C,33.0,Ingredient A,3,3.7,338,14.57,750 mL,Spirit description
Spirit B,Country C,Brand B,Category B,Note A,38.0,Ingredient B,3,2.0,252,22.42,750 mL,Spirit description
Spirit C,Country C,Brand C,Category A,Note A,41.0,Ingredient A,20,2.4,362,48.29,750 mL,Spirit description
Spirit E,Country B,Brand A,Category A,Note B,41.0,Ingredient B,9,4.5,14,45.2,750 mL,Spirit description
Spirit E,Country B,Brand B,Category C,Note B,39.0,Ingredient C,6,3.0,25,99.36,750 mL,Spirit description
Spirit B,Country B,Brand A,Category C,Note C,49.0,Ingredient A,7,3.4,493,73.17,750 mL,Spirit description
Spirit E,Country B,Brand C,Category A,Note C,48.0,Ingredient B,18,4.8,193,55.36,750 mL,Spirit description
Spirit B,Country C,Brand A,Category A,Note C,32.0,Ingredient C,8,4.2,466,23.54,750 mL,Spirit description
Spirit D,Country C,Brand C,Category B,Note C,41.0,Ingredient B,18,3.4,487,61.95,750 mL,Spirit description
Spirit A,Country A,Brand B,Category A,Note A,47.0,Ingredient A,16,2.3,65,95.86,750 mL,Spirit description
Spirit A,Country A,Brand B,Category B,Note C,36.0,Ingredient C,8,1.8,417,49.39,750 mL,Spirit description
Spirit C,Country A,Brand A,Category C,Note A,47.0,Ingredient C,5,2.9,16,97.65,750 mL,Spirit description
Spirit D,Country C,Brand C,Category C,Note B,46.0,Ingredient B,14,2.4,443,29.71,750 mL,Spirit description
Spirit E,Country A,Brand B,Category A,Note B,39.0,Ingredient A,7,3.2,440,81.97,750 mL,Spirit description
Spirit A,Country B,Brand C,Category C,Note A,33.0,Ingredient A,4,2.3,394,55.91,750 mL,Spirit description
Spirit B,Country C,Brand A,Category A,Note A,45.0,Ingredient B,13,1.1,121,65.69,750 mL,Spirit description
Spirit E,Country A,Brand C,Category B,Note C,48.0,Ingredient B,2,4.2,207,47.56,750 mL,Spirit description
Spirit B,Country B,Brand A,Category C,Note C,50.0,Ingredient B,2,3.7,336,23.06,750 mL,Spirit description
Spirit E,Country C,Brand C,Category A,Note B,46.0,Ingredient B,5,4.3,345,49.98,750 mL,Spirit description
Spirit D,Country A,Brand B,Category B,Note C,47.0,Ingredient C,10,2.7,285,98.79,750 mL,Spirit description
Spirit A,Country C,Brand A,Category B,Note C,49.0,Ingredient C,10,2.5,350,43.45,750 mL,Spirit description
Spirit A,Country B,Brand A,Category B,Note B,45.0,Ingredient B,12,2.1,436,47.57,750 mL,Spirit description
Spirit C,Country C,Brand A,Category B,Note B,33.0,Ingredient B,3,2.2,431,77.04,750 mL,Spirit description
Spirit A,Country B,Brand A,Category C,Note B,33.0,Ingredient B,9,2.2,21,58.48,750 mL,Spirit description
Spirit A,Country B,Brand A,Category B,Note A,38.0,Ingredient A,3,1.5,343,29.15,750 mL,Spirit description
Spirit E,Country C,Brand A,Category B,Note B,41.0,Ingredient A,20,1.3,450,80.69,750 mL,Spirit description
Spirit D,Country B,Brand C,Category B,Note B,37.0,Ingredient B,13,4.4,286,13.56,750 mL,Spirit description
Spirit A,Country A,Brand B,Category C,Note C,32.0,Ingredient A,15,4.9,483,21.04,750 mL,Spirit description
Spirit B,Country B,Brand B,Category A,Note A,42.0,Ingredient A,5,1.5,163,75.99,750 mL,Spirit description
Spirit C,Country C,Brand B,Category A,Note C,46.0,Ingredient C,7,2.5,115,70.85,750 mL,Spirit description
Spirit A,Country C,Brand B,Category B,Note C,39.0,Ingredient A,13,1.3,423,18.93,750 mL,Spirit description
Spirit D,Country C,Brand C,Category A,Note A,45.0,Ingredient C,3,3.7,485,37.73,750 mL,Spirit description
Spirit C,Country A,Brand B,Category C,Note C,44.0,Ingredient B,16,2.8,58,90.7,750 mL,Spirit description
Spirit B,Country B,Brand C,Category B,Note C,43.0,Ingredient B,6,3.6,382,81.92,750 mL,Spirit description
Spirit C,Country C,Brand C,Category B,Note B,45.0,Ingredient A,11,3.0,412,93.94,750 mL,Spirit description
Spirit E,Country B,Brand C,Category A,Note A,42.0,Ingredient C,15,4.8,390,79.19,750 mL,Spirit description
Spirit C,Country B,Brand B,Category C,Note A,48.0,Ingredient A,3,3.8,233,87.4,750 mL,Spirit description
Spirit E,Country A,Brand A,Category B,Note B,42.0,Ingredient C,10,4.1,33,34.23,750 mL,Spirit description
Spirit D,Country B,Brand C,Category B,Note C,50.0,Ingredient A,17,2.4,483,45.02,750 mL,Spirit description
Spirit B,Country A,Brand C,Category B,Note A,41.0,Ingredient B,1,1.8,307,31.82,750 mL,Spirit description
Spirit E,Country B,Brand A,Category B,Note A,31.0,Ingredient A,8,4.8,212,43.83,750 mL,Spirit description
Spirit A,Country C,Brand A,Category A,Note B,41.0,Ingredient A,18,3.9,12,85.96,750 mL,Spirit description
Spirit E,Country B,Brand A,Category A,Note C,44.0,Ingredient C,12,2.6,454,88.39,750 mL,Spirit description
Spirit A,Country B,Brand B,Category C,Note A,44.0,Ingredient B,5,3.1,428,52.2,750 mL,Spirit description
Spirit D,Country B,Brand C,Category A,Note A,35.0,Ingredient A,16,2.9,387,20.08,750 mL,Spirit description
Spirit D,Country B,Brand B,Category B,Note A,46.0,Ingredient A,10,1.5,470,76.52,750 mL,Spirit description
Spirit C,Country C,Brand A,Category A,Note C,36.0,Ingredient C,8,3.9,148,43.97,750 mL,Spirit description
Spirit E,Country B,Brand B,Category B,Note B,45.0,Ingredient B,6,4.7,399,84.83,750 mL,Spirit description
Spirit C,Country C,Brand C,Category B,Note B,34.0,Ingredient A,6,1.0,313,27.57,750 mL,Spirit description
Spirit C,Country C,Brand B,Category A,Note B,42.0,Ingredient C,17,2.3,230,85.87,750 mL,Spirit description
Spirit D,Country B,Brand B,Category B,Note B,44.0,Ingredient A,8,3.0,392,83.39,750 mL,Spirit description
Spirit A,Country C,Brand C,Category B,Note C,32.0,Ingredient A,6,2.0,45,50.12,750 mL,Spirit description
Spirit A,Country C,Brand A,Category B,Note C,42.0,Ingredient C,3,3.6,444,89.09,750 mL,Spirit description
Spirit E,Country B,Brand C,Category C,Note B,43.0,Ingredient C,6,1.6,433,53.65,750 mL,Spirit description
Spirit E,Country C,Brand A,Category B,Note A,32.0,Ingredient C,13,2.4,455,55.4,750 mL,Spirit description
Spirit A,Country A,Brand B,Category B,Note C,31.0,Ingredient A,20,1.1,155,79.32,750 mL,Spirit description
Spirit E,Country B,Brand B,Category A,Note A,38.0,Ingredient A,10,4.4,413,40.37,750 mL,Spirit description
Spirit C,Country C,Brand A,Category C,Note B,47.0,Ingredient B,14,1.4,159,88.74,750 mL,Spirit description
Spirit E,Country B,Brand B,Category A,Note B,42.0,Ingredient C,17,2.9,243,87.54,750 mL,Spirit description
Spirit D,Country C,Brand A,Category C,Note A,42.0,Ingredient A,10,2.0,227,40.09,750 mL,Spirit description
Spirit B,Country B,Brand A,Category B,Note C,32.0,Ingredient A,6,2.7,124,10.84,750 mL,Spirit description
Spirit D,Country C,Brand B,Category A,Note C,32.0,Ingredient C,4,3.0,481,62.57,750 mL,Spirit description
Spirit B,Country C,Brand B,Category C,Note B,36.0,Ingredient B,15,3.6,225,80.08,750 mL,Spirit description
Spirit D,Country A,Brand B,Category C,Note A,39.0,Ingredient A,9,3.6,319,81.45,750 mL,Spirit description
Spirit A,Country C,Brand A,Category A,Note A,45.0,Ingredient A,20,3.5,223,77.63,750 mL,Spirit description
Spirit B,Country A,Brand C,Category A,Note B,39.0,Ingredient C,2,3.0,365,15.56,750 mL,Spirit description
Spirit E,Country B,Brand A,Category A,Note B,36.0,Ingredient A,10,2.3,206,69.89,750 mL,Spirit description
Spirit C,Country A,Brand A,Category B,Note B,31.0,Ingredient B,8,3.9,219,59.53,750 mL,Spirit description
Spirit E,Country A,Brand C,Category B,Note C,44.0,Ingredient C,12,3.4,315,13.23,750 mL,Spirit description
Spirit D,Country C,Brand C,Category B,Note B,46.0,Ingredient B,20,2.5,23,55.96,750 mL,Spirit description
Spirit B,Country A,Brand A,Category A,Note C,44.0,Ingredient A,9,1.7,314,62.38,750 mL,Spirit description
Spirit C,Country A,Brand A,Category A,Note B,47.0,Ingredient B,7,3.2,105,80.98,750 mL,Spirit description
Spirit A,Country B,Brand C,Category A,Note B,46.0,Ingredient C,16,2.0,129,30.7,750 mL,Spirit description
Spirit C,Country B,Brand B,Category A,Note A,46.0,Ingredient A,20,3.5,354,44.48,750 mL,Spirit description
Spirit B,Country C,Brand C,Category C,Note A,49.0,Ingredient B,6,2.4,459,70.09,750 mL,Spirit description
Spirit D,Country A,Brand B,Category A,Note A,47.0,Ingredient A,12,2.8,426,96.64,750 mL,Spirit description
Spirit A,Country A,Brand C,Category A,Note A,38.0,Ingredient A,12,4.2,261,16.12,750 mL,Spirit description
Spirit E,Country A,Brand C,Category B,Note C,44.0,Ingredient C,4,1.4,101,54.78,750 mL,Spirit description
Spirit D,Country B,Brand C,Category B,Note C,37.0,Ingredient B,15,2.3,398,61.07,750 mL,Spirit description
Spirit D,Country A,Brand C,Category A,Note C,48.0,Ingredient B,8,2.2,82,80.5,750 mL,Spirit description
Spirit C,Country C,Brand C,Category C,Note C,32.0,Ingredient B,13,4.9,148,67.95,750 mL,Spirit description
Spirit A,Country B,Brand C,Category B,Note A,40.0,Ingredient A,13,3.5,152,48.09,750 mL,Spirit description
Spirit D,Country A,Brand A,Category B,Note B,39.0,Ingredient C,16,1.4,222,92.3,750 mL,Spirit description
Spirit D,Country B,Brand A,Category A,Note B,38.0,Ingredient C,15,1.0,46,37.15,750 mL,Spirit description
Spirit C,Country A,Brand A,Category B,Note A,50.0,Ingredient C,11,2.8,111,95.68,750 mL,Spirit description
Spirit D,Country B,Brand B,Category A,Note B,34.0,Ingredient B,13,2.6,342,57.87,750 mL,Spirit description
Spirit E,Country B,Brand A,Category B,Note A,44.0,Ingredient A,15,3.9,472,88.73,750 mL,Spirit description
Spirit A,Country B,Brand C,Category B,Note C,39.0,Ingredient B,8,1.1,286,15.36,750 mL,Spirit description
Spirit B,Country A,Brand C,Category B,Note A,46.0,Ingredient C,7,3.9,403,66.65,750 mL,Spirit description
Spirit E,Country A,Brand B,Category A,Note B,31.0,Ingredient B,19,4.8,116,82.65,750 mL,Spirit description
Spirit B,Country A,Brand B,Category B,Note C,38.0,Ingredient B,20,3.4,284,46.09,750 mL,Spirit description
Spirit A,Country B,Brand B,Category A,Note C,47.0,Ingredient B,3,1.6,50,56.28,750 mL,Spirit description
Spirit B,Country B,Brand B,Category B,Note B,36.0,Ingredient A,20,1.4,431,56.12,750 mL,Spirit description
Spirit B,Country C,Brand C,Category B,Note B,32.0,Ingredient B,10,3.8,131,69.5,750 mL,Spirit description
Spirit B,Country A,Brand B,Category C,Note A,38.0,Ingredient A,6,2.1,419,61.48,750 mL,Spirit description
Spirit A,Country A,Brand A,Category A,Note B,40.0,Ingredient B,13,1.5,470,99.72,750 mL,Spirit description
Spirit E,Country C,Brand A,Category C,Note B,39.0,Ingredient A,4,2.4,466,44.06,750 mL,Spirit description
Spirit A,Country A,Brand C,Category A,Note A,49.0,Ingredient B,19,2.1,425,42.84,750 mL,Spirit description
Spirit D,Country C,Brand C,Category A,Note B,45.0,Ingredient A,8,3.1,384,83.15,750 mL,Spirit description
Spirit B,Country B,Brand C,Category B,Note C,36.0,Ingredient C,4,1.1,160,51.27,750 mL,Spirit description
Spirit E,Country C,Brand C,Category A,Note C,35.0,Ingredient A,18,1.9,480,93.53,750 mL,Spirit description
Spirit A,Country B,Brand A,Category A,Note C,44.0,Ingredient C,10,1.2,379,54.25,750 mL,Spirit description
Spirit C,Country C,Brand B,Category B,Note A,48.0,Ingredient B,12,4.0,307,49.81,750 mL,Spirit description
Spirit E,Country B,Brand B,Category B,Note B,33.0,Ingredient B,12,4.2,491,79.29,750 mL,Spirit description
Spirit B,Country A,Brand C,Category B,Note C,42.0,Ingredient B,4,4.5,117,66.93,750 mL,Spirit description
Spirit E,Country C,Brand A,Category A,Note C,33.0,Ingredient B,15,4.8,158,12.0,750 mL,Spirit description
Spirit D,Country B,Brand B,Category A,Note B,39.0,Ingredient A,18,4.0,340,58.33,750 mL,Spirit description
Spirit B,Country A,Brand B,Category C,Note A,46.0,Ingredient C,10,3.2,26,72.91,750 mL,Spirit description
Spirit B,Country A,Brand B,Category A,Note C,45.0,Ingredient A,15,3.1,263,26.59,750 mL,Spirit description
Spirit A,Country C,Brand C,Category B,Note A,48.0,Ingredient B,12,1.2,68,14.34,750 mL,Spirit description
Spirit E,Country C,Brand A,Category B,Note A,32.0,Ingredient A,4,1.4,485,76.54,750 mL,Spirit description
Spirit B,Country B,Brand B,Category A,Note A,43.0,Ingredient B,9,2.0,274,61.74,750 mL,Spirit description
Spirit C,Country C,Brand B,Category C,Note B,40.0,Ingredient A,13,1.3,219,70.22,750 mL,Spirit description
Spirit C,Country B,Brand C,Category A,Note C,32.0,Ingredient B,2,4.1,383,13.02,750 mL,Spirit description
Spirit E,Country C,Brand A,Category B,Note A,47.0,Ingredient C,17,2.6,278,16.71,750 mL,Spirit description
Spirit C,Country B,Brand B,Category C,Note C,30.0,Ingredient B,13,1.7,195,33.71,750 mL,Spirit description
Spirit D,Country A,Brand B,Category C,Note C,47.0,Ingredient B,13,3.7,81,45.2,750 mL,Spirit description
Spirit A,Country B,Brand C,Category C,Note A,42.0,Ingredient C,16,2.3,228,31.81,750 mL,Spirit description
Spirit D,Country B,Brand A,Category B,Note A,43.0,Ingredient B,17,4.6,429,65.47,750 mL,Spirit description
Spirit B,Country A,Brand B,Category A,Note A,36.0,Ingredient A,10,2.0,430,12.68,750 mL,Spirit description
Spirit A,Country B,Brand A,Category A,Note B,34.0,Ingredient C,13,3.8,423,26.76,750 mL,Spirit description
Spirit C,Country A,Brand A,Category B,Note B,31.0,Ingredient B,16,3.3,48,51.28,750 mL,Spirit description
Spirit C,Country C,Brand B,Category B,Note C,46.0,Ingredient C,16,2.2,343,35.34,750 mL,Spirit description
Spirit A,Country B,Brand B,Category B,Note B,40.0,Ingredient A,4,2.0,277,14.25,750 mL,Spirit description
Spirit C,Country B,Brand B,Category C,Note B,31.0,Ingredient A,6,1.7,171,40.17,750 mL,Spirit description
Spirit E,Country C,Brand A,Category C,Note B,33.0,Ingredient A,3,2.7,51,15.62,750 mL,Spirit description
Spirit C,Country A,Brand B,Category A,Note A,45.0,Ingredient C,6,2.3,403,82.4,750 mL,Spirit description
Spirit C,Country A,Brand B,Category B,Note A,40.0,Ingredient B,16,3.3,171,29.09,750 mL,Spirit description
Spirit E,Country B,Brand A,Category A,Note A,41.0,Ingredient A,5,4.6,105,93.28,750 mL,Spirit description
Spirit E,Country C,Brand A,Category B,Note A,38.0,Ingredient A,19,4.3,482,72.01,750 mL,Spirit description
Spirit D,Country C,Brand C,Category C,Note B,38.0,Ingredient C,8,1.6,291,92.34,750 mL,Spirit description
Spirit A,Country B,Brand A,Category B,Note B,35.0,Ingredient B,9,1.9,269,97.5,750 mL,Spirit description
Spirit B,Country B,Brand A,Category B,Note B,46.0,Ingredient C,5,1.6,275,95.33,750 mL,Spirit description
Spirit D,Country B,Brand B,Category A,Note C,43.0,Ingredient C,14,3.6,117,34.22,750 mL,Spirit description
Spirit B,Country C,Brand C,Category C,Note C,41.0,Ingredient A,6,3.6,210,75.01,750 mL,Spirit description
Spirit D,Country B,Brand C,Category C,Note C,36.0,Ingredient C,12,1.6,130,20.62,750 mL,Spirit description
Spirit D,Country A,Brand A,Category B,Note C,38.0,Ingredient A,11,4.5,149,63.6,750 mL,Spirit description
Spirit A,Country A,Brand C,Category A,Note A,38.0,Ingredient A,3,2.6,452,78.8,750 mL,Spirit description
Spirit D,Country A,Brand C,Category B,Note C,40.0,Ingredient B,5,2.4,340,66.92,750 mL,Spirit description
Spirit D,Country A,Brand B,Category B,Note A,35.0,Ingredient C,5,3.5,361,41.5,750 mL,Spirit description
Spirit C,Country C,Brand B,Category A,Note A,41.0,Ingredient B,7,1.5,415,80.26,750 mL,Spirit description
Spirit B,Country C,Brand A,Category B,Note A,35.0,Ingredient C,13,3.5,393,89.93,750 mL,Spirit description
Spirit E,Country C,Brand B,Category B,Note B,48.0,Ingredient B,18,1.9,137,49.02,750 mL,Spirit description
Spirit D,Country C,Brand A,Category A,Note A,32.0,Ingredient B,12,4.7,311,47.11,750 mL,Spirit description
Spirit C,Country C,Brand C,Category A,Note A,39.0,Ingredient B,16,3.7,191,72.3,750 mL,Spirit description
Spirit E,Country B,Brand C,Category C,Note C,35.0,Ingredient C,18,2.3,326,57.3,750 mL,Spirit description
Spirit E,Country C,Brand C,Category C,Note C,33.0,Ingredient C,2,2.4,269,48.42,750 mL,Spirit description
Spirit C,Country C,Brand A,Category B,Note C,46.0,Ingredient B,11,1.8,427,72.57,750 mL,Spirit description
Spirit E,Country B,Brand C,Category C,Note C,48.0,Ingredient A,6,2.1,464,89.68,750 mL,Spirit description
Spirit D,Country B,Brand C,Category A,Note B,38.0,Ingredient B,20,2.5,267,87.32,750 mL,Spirit description
Spirit C,Country C,Brand B,Category C,Note B,43.0,Ingredient B,11,4.7,434,97.62,750 mL,Spirit description
Spirit E,Country C,Brand B,Category C,Note C,46.0,Ingredient A,8,2.2,138,14.24,750 mL,Spirit description
Spirit A,Country A,Brand C,Category A,Note C,38.0,Ingredient B,1,1.4,290,33.43,750 mL,Spirit description
Spirit C,Country B,Brand A,Category A,Note A,31.0,Ingredient C,15,4.0,433,54.36,750 mL,Spirit description
Spirit B,Country A,Brand A,Category B,Note B,32.0,Ingredient C,2,3.3,263,60.83,750 mL,Spirit description
Spirit C,Country C,Brand B,Category A,Note C,33.0,Ingredient A,16,3.9,121,59.57,750 mL,Spirit description
Spirit E,Country A,Brand B,Category C,Note B,32.0,Ingredient C,7,2.0,279,48.19,750 mL,Spirit description
Spirit C,Country B,Brand A,Category B,Note C,40.0,Ingredient C,13,1.8,464,61.0,750 mL,Spirit description
Spirit C,Country A,Brand B,Category C,Note A,39.0,Ingredient C,14,2.2,134,42.88,750 mL,Spirit description
Spirit E,Country C,Brand C,Category C,Note C,44.0,Ingredient B,2,5.0,408,57.42,750 mL,Spirit description
Spirit C,Country C,Brand A,Category B,Note A,50.0,Ingredient A,11,4.9,467,14.9,750 mL,Spirit description
Spirit C,Country B,Brand B,Category C,Note B,33.0,Ingredient A,11,2.9,277,60.8,750 mL,Spirit description
Spirit A,Country A,Brand A,Category A,Note A,37.0,Ingredient B,15,2.7,337,69.27,750 mL,Spirit description
Spirit E,Country B,Brand A,Category B,Note C,49.0,Ingredient C,18,1.7,257,89.86,750 mL,Spirit description
Spirit E,Country A,Brand B,Category C,Note B,36.0,Ingredient A,17,1.4,43,18.85,750 mL,Spirit description
Spirit C,Country C,Brand B,Category A,Note C,37.0,Ingredient C,17,5.0,81,54.99,750 mL,Spirit description
Spirit D,Country B,Brand C,Category C,Note B,39.0,Ingredient A,2,4.0,426,82.24,750 mL,Spirit description
Spirit E,Country A,Brand B,Category B,Note C,42.0,Ingredient C,12,1.4,37,50.24,750 mL,Spirit description
Spirit A,Country A,Brand B,Category B,Note A,31.0,Ingredient C,9,4.0,160,38.77,750 mL,Spirit description
Spirit D,Country C,Brand C,Category B,Note A,32.0,Ingredient C,14,1.4,243,84.48,750 mL,Spirit description
Spirit D,Country C,Brand C,Category A,Note A,34.0,Ingredient A,12,4.4,419,49.52,750 mL,Spirit description
Spirit D,Country B,Brand C,Category C,Note A,47.0,Ingredient B,18,4.9,198,27.27,750 mL,Spirit description
Spirit D,Country B,Brand A,Category B,Note C,43.0,Ingredient B,12,4.2,64,65.85,750 mL,Spirit description
Spirit D,Country A,Brand A,Category B,Note C,46.0,Ingredient A,10,3.3,11,99.21,750 mL,Spirit description
Spirit A,Country C,Brand B,Category C,Note B,44.0,Ingredient C,18,1.6,34,39.34,750 mL,Spirit description
Spirit D,Country A,Brand C,Category A,Note C,33.0,Ingredient A,8,3.4,294,69.04,750 mL,Spirit description
Spirit D,Country B,Brand A,Category A,Note A,50.0,Ingredient B,9,1.1,223,97.15,750 mL,Spirit description
Spirit E,Country B,Brand A,Category A,Note A,49.0,Ingredient B,8,3.2,302,65.12,750 mL,Spirit description
Spirit C,Country A,Brand B,Category B,Note B,43.0,Ingredient C,7,3.3,335,70.44,750 mL,Spirit description
Spirit C,Country C,Brand A,Category C,Note A,49.0,Ingredient C,7,3.9,337,37.03,750 mL,Spirit description
Spirit E,Country B,Brand C,Category A,Note C,48.0,Ingredient C,16,4.9,58,73.37,750 mL,Spirit description
Spirit A,Country C,Brand C,Category A,Note C,38.0,Ingredient B,15,2.8,292,40.66,750 mL,Spirit description
Spirit B,Country B,Brand A,Category A,Note A,30.0,Ingredient A,15,4.3,374,47.74,750 mL,Spirit description
Spirit C,Country B,Brand A,Category B,Note B,43.0,Ingredient B,4,1.7,90,59.23,750 mL,Spirit description
Spirit E,Country C,Brand C,Category B,Note B,47.0,Ingredient A,16,4.1,24,60.35,750 mL,Spirit description
Spirit C,Country A,Brand C,Category B,Note B,36.0,Ingredient C,6,4.0,376,72.44,750 mL,Spirit description
Spirit E,Country C,Brand C,Category A,Note C,42.0,Ingredient C,3,3.0,338,92.58,750 mL,Spirit description
Spirit C,Country B,Brand B,Category B,Note B,43.0,Ingredient B,5,2.2,289,78.36,750 mL,Spirit description
Spirit E,Country C,Brand C,Category B,Note A,43.0,Ingredient C,16,1.9,464,71.96,750 mL,Spirit description
Spirit B,Country C,Brand B,Category C,Note A,44.0,Ingredient A,2,4.0,217,11.06,750 mL,Spirit description
Spirit E,Country C,Brand A,Category A,Note C,34.0,Ingredient C,10,1.0,229,36.83,750 mL,Spirit description
Spirit A,Country C,Brand B,Category A,Note C,41.0,Ingredient C,19,3.4,416,18.09,750 mL,Spirit description
Spirit A,Country A,Brand A,Category A,Note A,40.0,Ingredient B,9,2.0,245,58.25,750 mL,Spirit description
Spirit B,Country C,Brand C,Category B,Note B,36.0,Ingredient B,14,3.1,361,45.59,750 mL,Spirit description
Spirit A,Country C,Brand A,Category A,Note B,38.0,Ingredient A,1,4.6,485,75.25,750 mL,Spirit description
Spirit D,Country C,Brand B,Category C,Note B,33.0,Ingredient A,18,4.5,100,11.0,750 mL,Spirit description
Spirit A,Country C,Brand A,Category C,Note C,45.0,Ingredient B,17,3.8,499,29.0,750 mL,Spirit description
Spirit E,Country A,Brand C,Category C,Note C,49.0,Ingredient A,5,3.8,479,36.97,750 mL,Spirit description
Spirit E,Country C,Brand B,Category B,Note A,48.0,Ingredient B,10,4.3,16,73.3,750 mL,Spirit description
Spirit C,Country A,Brand B,Category C,Note A,46.0,Ingredient A,3,4.9,197,77.66,750 mL,Spirit description
Spirit A,Country A,Brand A,Category C,Note C,38.0,Ingredient B,5,1.0,102,47.91,750 mL,Spirit description
Spirit C,Country B,Brand B,Category C,Note B,43.0,Ingredient B,1,4.0,19,32.1,750 mL,Spirit description
Spirit C,Country B,Brand B,Category B,Note B,36.0,Ingredient C,14,3.7,287,29.77,750 mL,Spirit description
Spirit A,Country C,Brand B,Category A,Note B,31.0,Ingredient A,12,4.5,238,58.48,750 mL,Spirit description
Spirit E,Country C,Brand B,Category A,Note C,33.0,Ingredient B,4,2.0,339,66.04,750 mL,Spirit description
Spirit A,Country A,Brand A,Category B,Note A,47.0,Ingredient C,9,3.5,225,17.65,750 mL,Spirit description
Spirit E,Country C,Brand C,Category C,Note C,35.0,Ingredient B,10,1.5,346,80.67,750 mL,Spirit description
Spirit A,Country A,Brand B,Category B,Note A,45.0,Ingredient B,11,3.1,218,94.73,750 mL,Spirit description
Spirit D,Country B,Brand A,Category B,Note C,39.0,Ingredient B,19,1.7,322,53.7,750 mL,Spirit description
Spirit E,Country C,Brand C,Category C,Note C,45.0,Ingredient A,4,1.3,173,52.19,750 mL,Spirit description
Spirit D,Country B,Brand A,Category A,Note B,35.0,Ingredient A,1,2.2,226,51.81,750 mL,Spirit description
Spirit B,Country A,Brand A,Category C,Note A,47.0,Ingredient B,6,3.0,34,43.46,750 mL,Spirit description
Spirit E,Country C,Brand C,Category B,Note A,30.0,Ingredient A,17,1.6,100,29.51,750 mL,Spirit description
Spirit C,Country B,Brand B,Category B,Note B,31.0,Ingredient B,7,3.0,179,58.16,750 mL,Spirit description
Spirit B,Country A,Brand B,Category B,Note C,38.0,Ingredient A,20,3.4,122,27.22,750 mL,Spirit description
Spirit A,Country A,Brand A,Category A,Note C,46.0,Ingredient C,11,1.9,227,89.32,750 mL,Spirit description
Spirit E,Country C,Brand C,Category B,Note B,37.0,Ingredient C,4,2.2,376,72.79,750 mL,Spirit description
Spirit D,Country A,Brand B,Category A,Note A,39.0,Ingredient A,1,3.4,454,90.97,750 mL,Spirit description
Spirit B,Country A,Brand A,Category B,Note C,49.0,Ingredient B,13,4.3,460,68.17,750 mL,Spirit description
Spirit B,Country B,Brand A,Category A,Note C,39.0,Ingredient A,3,3.4,469,51.61,750 mL,Spirit description
Spirit A,Country C,Brand B,Category A,Note B,44.0,Ingredient A,18,2.2,23,98.23,750 mL,Spirit description
Spirit E,Country C,Brand C,Category B,Note A,38.0,Ingredient A,12,1.7,71,14.75,750 mL,Spirit description
Spirit B,Country B,Brand A,Category B,Note A,36.0,Ingredient C,13,2.7,286,41.84,750 mL,Spirit description
Spirit D,Country A,Brand A,Category B,Note A,49.0,Ingredient A,6,1.4,361,79.47,750 mL,Spirit description
Spirit D,Country B,Brand C,Category A,Note A,43.0,Ingredient A,1,2.6,200,83.23,750 mL,Spirit description
Spirit C,Country C,Brand C,Category C,Note B,47.0,Ingredient C,7,3.2,53,85.94,750 mL,Spirit description
Spirit C,Country C,Brand B,Category C,Note A,48.0,Ingredient B,3,1.5,209,60.78,750 mL,Spirit description
Spirit D,Country B,Brand B,Category A,Note A,35.0,Ingredient A,7,2.7,219,51.67,750 mL,Spirit description
Spirit A,Country C,Brand A,Category B,Note C,46.0,Ingredient A,20,4.5,93,50.36,750 mL,Spirit description
Spirit C,Country A,Brand A,Category B,Note C,49.0,Ingredient C,8,1.9,284,88.59,750 mL,Spirit description
Spirit A,Country A,Brand B,Category B,Note C,45.0,Ingredient A,12,3.8,385,63.91,750 mL,Spirit description
Spirit C,Country A,Brand A,Category A,Note B,40.0,Ingredient A,3,3.8,80,79.6,750 mL,Spirit description
Spirit C,Country B,Brand B,Category C,Note A,43.0,Ingredient A,3,4.5,328,43.79,750 mL,Spirit description
Spirit B,Country A,Brand B,Category C,Note B,40.0,Ingredient B,3,1.6,194,48.3,750 mL,Spirit description
Spirit E,Country C,Brand A,Category A,Note B,32.0,Ingredient C,16,3.9,435,72.52,750 mL,Spirit description
Spirit B,Country C,Brand B,Category C,Note C,35.0,Ingredient C,3,3.3,454,93.9,750 mL,Spirit description
Spirit C,Country B,Brand A,Category A,Note A,39.0,Ingredient B,7,2.5,285,28.85,750 mL,Spirit description
Spirit D,Country B,Brand B,Category A,Note C,44.0,Ingredient C,13,1.2,91,10.49,750 mL,Spirit description
Spirit D,Country B,Brand B,Category C,Note B,36.0,Ingredient A,16,1.6,26,56.51,750 mL,Spirit description
Spirit C,Country C,Brand C,Category B,Note C,32.0,Ingredient B,15,3.3,74,93.23,750 mL,Spirit description
Spirit B,Country B,Brand B,Category A,Note B,39.0,Ingredient B,12,2.6,305,21.52,750 mL,Spirit description
Spirit E,Country C,Brand B,Category B,Note A,48.0,Ingredient B,19,4.5,188,48.89,750 mL,Spirit description
Spirit A,Country C,Brand B,Category A,Note A,49.0,Ingredient A,3,4.6,166,49.57,750 mL,Spirit description
Spirit D,Country A,Brand A,Category A,Note A,35.0,Ingredient B,20,2.1,53,38.66,750 mL,Spirit description
Spirit B,Country A,Brand A,Category C,Note B,50.0,Ingredient A,11,1.1,453,97.53,750 mL,Spirit description
Spirit B,Country A,Brand B,Category B,Note A,43.0,Ingredient B,16,1.5,410,61.01,750 mL,Spirit description
Spirit D,Country B,Brand C,Category A,Note B,39.0,Ingredient A,15,1.6,82,32.75,750 mL,Spirit description
Spirit D,Country A,Brand A,Category B,Note C,35.0,Ingredient B,2,1.5,370,37.86,750 mL,Spirit description
Spirit E,Country A,Brand B,Category B,Note B,46.0,Ingredient A,20,3.5,394,22.71,750 mL,Spirit description
Spirit D,Country B,Brand B,Category C,Note C,44.0,Ingredient A,17,1.1,122,69.21,750 mL,Spirit description
Spirit C,Country A,Brand B,Category C,Note C,43.0,Ingredient B,1,3.5,179,48.72,750 mL,Spirit description
Spirit A,Country A,Brand B,Category A,Note B,40.0,Ingredient A,10,4.6,104,81.33,750 mL,Spirit description
Spirit A,Country B,Brand A,Category B,Note A,33.0,Ingredient B,16,3.9,113,31.53,750 mL,Spirit description
Spirit A,Country A,Brand A,Category C,Note A,41.0,Ingredient A,6,4.0,84,91.92,750 mL,Spirit description
Spirit B,Country C,Brand B,Category A,Note B,32.0,Ingredient B,6,4.6,408,38.3,750 mL,Spirit description
Spirit E,Country A,Brand A,Category A,Note B,44.0,Ingredient A,9,4.3,132,86.1,750 mL,Spirit description
Spirit C,Country A,Brand B,Category B,Note B,44.0,Ingredient A,16,4.3,121,13.11,750 mL,Spirit description
Spirit A,Country B,Brand A,Category C,Note B,33.0,Ingredient B,15,3.8,481,43.22,750 mL,Spirit description
Spirit C,Country A,Brand A,Category B,Note B,43.0,Ingredient A,18,1.4,205,44.67,750 mL,Spirit description
Spirit D,Country A,Brand C,Category A,Note C,33.0,Ingredient B,16,2.1,61,74.19,750 mL,Spirit description
Spirit C,Country B,Brand C,Category A,Note A,33.0,Ingredient A,1,4.5,328,24.1,750 mL,Spirit description
Spirit C,Country A,Brand C,Category A,Note A,42.0,Ingredient A,7,4.0,27,50.53,750 mL,Spirit description
Spirit A,Country C,Brand C,Category B,Note A,40.0,Ingredient A,5,3.5,418,86.95,750 mL,Spirit description
Spirit B,Country A,Brand A,Category C,Note C,39.0,Ingredient A,18,4.3,228,47.58,750 mL,Spirit description
Spirit C,Country C,Brand B,Category A,Note C,36.0,Ingredient B,18,1.1,65,50.12,750 mL,Spirit description
Spirit A,Country A,Brand A,Category C,Note A,43.0,Ingredient B,16,1.2,466,83.31,750 mL,Spirit description
Spirit A,Country A,Brand A,Category B,Note C,50.0,Ingredient B,12,2.1,18,53.79,750 mL,Spirit description
Spirit A,Country A,Brand C,Category C,Note C,30.0,Ingredient C,5,4.8,491,67.73,750 mL,Spirit description
Spirit C,Country C,Brand A,Category A,Note B,46.0,Ingredient B,13,3.2,68,56.66,750 mL,Spirit description
Spirit A,Country B,Brand C,Category C,Note B,49.0,Ingredient C,10,3.2,200,83.26,750 mL,Spirit description
Spirit E,Country C,Brand A,Category C,Note C,40.0,Ingredient B,16,3.0,368,20.37,750 mL,Spirit description
Spirit C,Country B,Brand C,Category C,Note A,39.0,Ingredient A,7,3.1,203,27.01,750 mL,Spirit description
Spirit D,Country B,Brand A,Category C,Note A,41.0,Ingredient C,7,2.7,381,82.29,750 mL,Spirit description
Spirit E,Country B,Brand B,Category A,Note B,39.0,Ingredient A,6,4.8,268,15.08,750 mL,Spirit description
Spirit E,Country C,Brand B,Category B,Note A,41.0,Ingredient A,20,4.4,11,29.16,750 mL,Spirit description
Spirit B,Country B,Brand B,Category B,Note C,34.0,Ingredient B,9,1.3,123,40.06,750 mL,Spirit description
Spirit E,Country C,Brand B,Category C,Note C,48.0,Ingredient C,15,4.3,397,63.39,750 mL,Spirit description
Spirit C,Country C,Brand C,Category B,Note B,34.0,Ingredient A,2,2.6,436,93.77,750 mL,Spirit description
Spirit E,Country B,Brand B,Category B,Note B,34.0,Ingredient A,5,3.3,438,93.57,750 mL,Spirit description
Spirit C,Country A,Brand C,Category C,Note A,33.0,Ingredient A,8,1.2,183,85.94,750 mL,Spirit description
Spirit E,Country C,Brand B,Category A,Note C,49.0,Ingredient C,20,1.2,41,12.91,750 mL,Spirit description
Spirit C,Country C,Brand A,Category C,Note B,35.0,Ingredient B,17,3.9,416,63.79,750 mL,Spirit description
Spirit B,Country B,Brand B,Category C,Note A,42.0,Ingredient A,3,4.1,362,25.63,750 mL,Spirit description
Spirit D,Country A,Brand B,Category B,Note B,30.0,Ingredient C,12,1.5,205,44.21,750 mL,Spirit description
Spirit A,Country C,Brand A,Category A,Note B,44.0,Ingredient B,9,2.9,448,61.54,750 mL,Spirit description
Spirit C,Country C,Brand A,Category C,Note B,36.0,Ingredient A,2,1.4,117,42.17,750 mL,Spirit description
Spirit E,Country C,Brand C,Category C,Note A,43.0,Ingredient B,2,2.2,61,39.5,750 mL,Spirit description
Spirit D,Country C,Brand B,Category A,Note B,30.0,Ingredient A,12,3.5,402,70.39,750 mL,Spirit description
Spirit D,Country C,Brand C,Category B,Note A,40.0,Ingredient C,5,3.8,185,29.1,750 mL,Spirit description
Spirit E,Country C,Brand C,Category B,Note A,30.0,Ingredient C,1,1.1,293,80.1,750 mL,Spirit description
Spirit D,Country B,Brand A,Category B,Note A,41.0,Ingredient C,9,2.8,409,80.49,750 mL,Spirit description
Spirit C,Country C,Brand C,Category A,Note C,35.0,Ingredient C,1,3.5,203,97.12,750 mL,Spirit description
Spirit B,Country A,Brand C,Category A,Note C,47.0,Ingredient B,4,2.2,48,29.38,750 mL,Spirit description
